AT,GQ,HB,HD,HF,HG,HI,HM,HO,HQ,HV,HX,HY,IA,ID,IF,IH,IN,IR,LC,LE,LG,LH,LI,NI,OT,SF,TL,UW,WT,YU,AAN,ACE,GC
3082.440714,49,1978,2094,160,87,318,400,1138,1033,100,1139.650284,1054.014288,122,1784,915,137,64,756,1407,996,1164,26.777088,305,310,288,142,435,208,107,0,1517.797864,1396.27437,13.834076
2426.66545,0,1317,1296,0,66,77,265,905,933,100,1122.128907,1087.153516,339,877,975,76,79,835,569,410,593,17.128827,45,158,102,52,176,101,33,0,639.944538,865.262419,-3.061077
1972.445069,0,2937,2906,6,33,246,1029,2298,2029,83.552279,1053.706275,1005.800016,290,854,2800,162,216,1424,1896,1638,2144,32.226063,411,250,226,216,940,261,113,0,1758.408085,1656.648201,6.664256
2879.831482,0,1849,1758,12,114,109,778,2005,1441,100,915.545081,876.572822,307,388,1969,219,28,964,2473,2302,3021,61.728647,765,406,372,234,883,208,157,0,1855.273295,1234.674789,-1.433901
1850.28015,60,2620,2670,96,221,388,506,1296,1559,97.197883,1132.688805,1069.654772,198,2241,1134,125,127,1313,1470,816,1035,18.465656,214,556,358,106,525,99,53,0,1227.700995,1332.953868,0.614966
1765.696283,0,1857,1794,13,97,328,817,1613,1073,83.25864,948.31315,882.62955,175,623,1324,210,96,737,2170,1961,2135,53.751259,420,434,228,162,317,282,113,1,1413.609077,1019.587098,13.601301
1737.285234,0,1836,1782,92,68,137,402,1080,1192,100,1118.489437,1088.489949,322,1685,952,79,80,1090,983,639,888,19.93266,136,232,228,134,277,180,45,0,882.149683,1267.297906,3.489848
1850.869921,135,7146,6950,168,478,383,2312,6116,5136,73.981099,1074.732431,981.171516,1189,2242,7124,663,180,3924,6541,5365,6775,37.9722,1089,1142,936,852,590,574,571,0,5541.627675,6992.05668,-2.191135
857.216967,204,4286,4255,254,434,510,1893,4133,2938,100,999.102135,907.582641,568,1110,4438,288,329,2067,4593,4071,5870,55.830321,1403,950,918,576,1560,874,743,0,4398.648393,4310.576719,8.108593
628.265251,0,4359,4325,11,101,489,1452,3131,2777,99.072555,1063.240817,1014.426862,459,1662,3787,247,438,2023,3035,1864,2022,21.286451,281,558,476,308,247,242,155,0,3138.169694,3738.152428,2.510869
1450.693717,55,1098,1107,103,31,140,458,978,686,63.296383,898.395094,874.956803,134,250,1043,124,72,472,1213,1061,1381,54.649782,337,274,196,112,343,155,102,0,1476.978345,661.256399,14.198221
4269.894587,62,3979,4120,68,95,556,756,1762,2135,100,1139.628775,1090.83166,352,3424,1264,200,237,1623,2473,1662,1618,19.758212,209,490,436,252,277,191,135,0,1202.986496,1514.541168,2.473887
3758.623596,0,5546,5634,72,1467,825,1604,3586,3447,100,1104.54735,989.990716,624,3686,3231,440,192,2735,3792,3003,3730,29.598476,795,722,584,500,657,440,366,0,2701.557647,3313.05218,9.244192
2811.249685,0,2786,2679,123,505,256,683,2086,1962,100,1133.311828,1058.67587,561,2267,1609,205,191,1947,1901,1356,1523,20.690124,228,466,362,176,253,238,170,0,1560.76309,1104.440987,3.853248
2437.199209,70,2392,2323,99,385,223,750,1890,1583,100,1108.379747,1022.466663,337,1547,1629,177,159,1328,2028,1653,1975,33.993115,292,396,258,200,381,309,187,0,1262.939159,1244.011085,3.867941
2126.484852,0,2208,2115,10,38,55,528,1783,1820,100,1106.431726,1078.838889,616,955,2109,127,56,1700,1980,1414,1726,27.066019,192,390,216,188,286,124,119,1,998.674681,1518.471685,2.431046
2283.093856,0,2496,2447,25,36,110,586,1721,1815,93.422068,1101.03278,1074.136031,431,1305,2039,115,136,1785,1256,635,658,10.29734,91,184,112,90,114,73,46,1,1003.375919,1527.683633,1.209746
669.615742,0,1059,1041,65,10,19,237,846,869,32.606883,1113.065043,1066.403026,304,335,1154,70,16,815,750,631,953,30.072578,80,108,88,84,250,105,88,0,900.824813,918.888461,7.905637
2147.271835,128,4229,4106,232,111,329,1596,4168,3173,86.123117,1069.576434,991.797083,564,1615,4253,233,252,2190,4721,4404,5875,55.27851,1129,1210,578,388,1822,677,621,0,4237.024647,2622.273106,0.10345
1016.417736,0,141,135,0,0,0,45,108,111,0,1038.85162,1038.85162,15,37,147,5,0,113,45,13,9,2.412869,0,14,10,0,5,0,0,0,76.344911,111.714723,0
7152.1564,0,2527,2595,70,105,574,605,1170,1201,100,1072.636163,1048.23888,120,1928,895,165,81,870,1926,1248,1332,26.339727,213,466,310,194,134,133,120,0,1005.14384,1327.733896,7.9625
2382.371555,25,7283,7026,95,14,327,1714,5954,5517,100,1145.468616,1087.543114,2057,6119,4405,509,593,4808,6971,5746,7433,37.510093,993,1332,968,848,1730,1438,1266,0,2734.093058,2489.00293,0.754758
3098.724777,113,5062,4886,126,52,418,1258,3962,3461,100,1127.30238,1077.96124,1247,4188,2833,286,562,2860,4738,3852,4387,34.917224,721,828,760,528,1423,880,404,0,2270.366178,1562.291291,2.259933
24.13503,0,455,460,0,0,81,281,360,175,23.913612,1015.714854,825.082636,19,33,430,22,93,92,282,115,94,12.600536,7,62,30,24,13,12,10,0,305.364448,207.051503,0
219.537454,0,875,850,0,55,28,274,637,608,30.684079,1031.220281,985.939546,138,132,1025,73,26,523,332,105,106,5.062082,9,86,68,38,29,27,11,0,595.355862,493.754364,4.868641
1322.677884,105,3396,3271,203,270,167,1018,2220,2256,100,1133.596081,1011.103751,427,956,3158,213,120,1998,1713,1084,1084,13.292459,164,290,196,144,93,77,74,0,2318.137061,2172.029864,3.947933
1463.762487,65,4622,4465,138,197,279,1534,3303,3151,100,1073.683918,1002.943683,628,1440,4283,332,249,2549,3251,2328,2400,22.203719,399,570,524,392,308,304,266,0,3085.422882,3985.068569,5.634817
1290.765896,0,1930,1887,13,35,52,446,1494,1546,67.725666,1114.385317,1069.438817,577,515,2304,136,38,1654,987,398,348,6.074359,24,144,144,96,41,37,37,0,916.853932,1966.54207,26.17807
2584.323988,0,4794,4651,12,8,145,937,3233,3606,96.278335,1147.133664,1115.205427,975,3360,3180,201,391,3332,2822,1131,1108,8.813937,70,484,338,288,200,161,99,0,2016.361808,3559.704024,2.950374
216.937974,0,522,495,0,0,6,109,398,424,44.037311,1093.926918,1080.602292,134,186,615,33,9,375,246,96,78,5.360825,0,64,58,28,14,9,8,0,314.116574,437.560759,19.529443
1000.361331,0,1488,1430,33,11,38,373,1107,1081,60.450859,1081.737191,1051.80948,309,710,1305,101,20,1023,677,258,213,5.559906,11,158,70,62,34,30,23,1,829.339988,1151.951436,-1.511857
1945.719811,0,668,638,30,360,76,259,671,429,100,909.022698,895.905213,91,271,610,65,30,336,517,440,574,35.475896,118,106,100,74,124,54,50,1,635.057247,512.853675,-2.895442
2984.536165,30,10006,9606,179,212,553,2907,7464,7254,100,1101.016163,1057.184605,1746,5399,7514,593,775,6378,7896,6024,7487,29.780041,1101,1270,1204,952,1999,1074,683,0,5636.848484,4955.564326,6.386778
3451.123623,0,5856,5650,128,72,475,1550,4171,4007,100,1118.040749,1063.527435,1022,3887,3602,360,419,3506,4687,3455,3901,26.860841,532,1034,868,508,760,517,497,0,3248.611797,2876.313593,6.660411
1775.92714,120,15541,14988,523,299,492,3910,11457,12144,60.223091,1143.100953,1066.146037,3708,5919,14805,1077,619,11923,12299,7220,7693,17.859133,708,1982,1936,1360,918,626,415,0,8398.789497,11402.89219,17.696801
325.668147,0,1243,1183,0,6,28,367,982,959,29.26361,1106.616216,1044.660225,265,268,1506,93,28,926,460,101,52,1.600985,0,82,72,44,20,11,6,0,690.336658,793.820506,3.366804
1714.274501,0,2339,2376,0,0,81,471,1391,1659,84.494118,1133.335929,1102.239454,356,1643,1414,97,227,1487,1249,529,550,9.812667,34,212,144,90,103,54,40,0,952.078617,1647.629171,-0.064199
2714.175115,0,2711,2609,9,48,140,841,2089,1952,100,1106.894552,1055.829575,442,1551,1962,138,170,1808,2115,1717,2080,30.534351,387,376,316,226,390,390,291,0,1647.691129,1284.613764,5.902697
3057.772053,130,4107,3894,326,343,357,1357,3217,2870,100,1105.279251,1049.524483,671,2430,3040,220,401,2561,3078,2412,2873,28.601294,517,584,430,370,567,536,447,0,2482.956459,1922.029802,6.413427
2276.5854,144,4915,4813,262,27,330,1208,3371,3335,100,1138.477706,1082.676906,840,3701,3061,290,399,2988,3131,2157,2140,17.513708,327,934,618,340,473,284,134,0,3002.153585,2346.913475,6.091491
354.091904,0,912,956,0,0,38,362,687,562,48.749856,1060.977386,1032.618844,82,285,881,36,102,459,276,117,101,4.985192,7,56,32,28,34,13,12,0,495.8377,880.205922,-4.8394
2153.614463,188,2523,2566,182,68,234,845,1453,1484,98.619113,1078.637252,1027.156402,239,880,2018,151,140,1232,1279,663,667,12.48596,72,224,156,114,71,61,58,0,1750.742419,1328.260217,13.483991
1904.801537,153,8664,8355,382,486,496,2722,5986,5792,94.968391,1099.714897,1013.636755,1116,2508,8232,500,432,4896,4705,2804,2697,13.385944,412,588,582,506,323,293,241,0,5808.782915,7316.800831,1.468128
205.182938,0,582,556,0,0,0,74,290,513,1.911379,1111.722306,1111.722306,105,142,604,19,0,534,307,107,124,7.298411,14,78,42,22,18,14,13,0,530.212496,536.322981,0
2888.809088,0,4489,4261,49,134,361,1456,3593,2954,100,1068.93945,1035.918188,667,2900,2785,331,346,2517,4245,3655,4127,39.003875,876,658,488,480,1241,794,390,0,2295.07934,2387.456821,2.214683
2363.883784,0,2996,2955,39,163,316,949,2408,1914,100,1097.450799,1044.943664,470,2165,1808,243,277,1709,2405,1909,2016,27.413652,389,466,296,242,605,354,181,0,1917.733574,1720.824028,6.658048
2909.395596,76,3976,3938,751,199,780,1476,3559,2269,100,1093.554237,1003.658674,467,2790,1854,366,269,1518,4677,4356,4545,50.952915,1185,780,638,330,1822,955,160,0,2403.340167,2137.158396,10.600174
2025.468296,0,2994,2908,0,1310,507,1431,3315,1940,97.86346,968.902268,801.147035,503,993,2490,397,144,1436,4207,3969,5296,71.461341,1606,810,512,342,2262,584,235,0,2964.691696,2632.949379,16.226617
2444.164734,0,1259,1238,5,32,51,301,826,903,100,1097.516083,1055.24505,178,550,1083,71,42,783,474,238,231,7.659151,20,98,76,56,45,27,24,0,673.137848,649.298834,5.574954
2943.553802,166,5956,5830,431,69,412,1284,3953,4188,100,1137.619186,1090.716406,1180,4430,3418,316,670,3904,4191,2462,2876,18.987258,288,642,478,424,548,362,287,0,2455.118019,3004.623664,4.134142
2749.614542,290,8060,8142,628,231,446,1388,4828,5646,93.687691,1147.71991,1107.939672,1473,6972,4043,364,686,5077,5248,2664,2763,13.72851,325,742,662,516,394,303,277,0,2740.774629,4062.360426,2.757269
1405.502943,4,3447,3469,106,1326,505,1840,4188,2463,98.342158,914.188199,771.771157,740,588,3983,430,162,1743,4347,3993,5821,62.477192,1478,1246,1006,380,1915,1126,343,0,4521.668096,3647.431365,10.298523
315.635658,0,713,709,0,15,87,244,520,436,100,974.232986,946.756294,87,211,615,54,53,314,656,564,717,46.588694,155,140,94,70,108,105,60,1,461.333776,618.711634,1.072574
4204.316335,20,3794,3768,18,137,665,970,2228,2005,100,1092.330934,1052.180237,226,3253,1640,307,168,1510,2728,1991,2506,31.145911,470,540,424,258,791,393,215,0,1792.767178,2390.600618,12.779582
4751.808798,140,9876,9845,539,358,2056,2598,6416,5200,100,1110.681203,1035.875757,633,8569,4321,853,363,3923,7414,5640,7101,33.148165,1547,1614,1274,964,1426,1412,686,0,5043.186349,6408.783488,9.689222
4391.165568,39,5868,5881,112,489,1063,1686,3784,3138,100,1075.006613,1022.996511,476,4097,3004,465,300,2222,4484,3702,4542,36.596568,784,866,826,532,915,811,405,0,3633.653424,3660.962603,8.757304
1709.67996,0,4315,4106,7,56,228,1399,3743,3199,99.92054,1122.139957,1049.373251,635,2406,3543,203,297,2546,4304,3953,5245,49.598109,881,1292,1002,362,1408,1091,694,0,2258.727423,2171.194543,0.613173
1609.104441,181,9002,8669,1529,278,558,3087,9276,6515,82.096837,1110.936853,1026.200158,1421,4485,7812,886,402,5244,9222,8236,10392,42.677618,1488,1458,1164,1080,1792,1315,1145,0,6898.886276,7241.403944,9.358389
743.154243,0,370,361,0,9,72,57,137,171,100,1100.093055,1085.497713,5,363,99,27,11,121,192,121,120,16.50619,20,62,36,24,36,14,12,0,133.039365,152.786515,11.173184
2742.603624,0,1647,1573,0,19,37,398,1121,1396,100,1041.910497,1031.147569,331,827,1115,166,0,1370,2254,2042,2632,55.189767,338,546,440,192,335,167,161,0,1405.953047,1246.719559,0
1864.676642,55,1516,1384,80,0,97,531,1344,1178,93.404513,1019.371502,964.051189,314,437,1392,105,119,986,1803,1630,2117,50.106509,277,322,234,156,230,215,149,0,1230.036604,1050.559335,-0.771938
2487.330898,0,3954,3706,116,10,265,1403,3864,2785,100,1112.82446,1034.059732,588,2505,3004,281,214,2081,4682,4250,4990,50.39895,914,1016,682,528,1116,1093,666,0,2361.068469,1852.813404,1.971913
2325.477392,60,5090,4889,520,473,652,1900,5184,2967,100,1122.981419,1022.297985,730,3458,3180,489,524,2394,5427,4665,5141,40.637104,781,800,652,628,1476,647,559,0,2575.818636,2888.74971,12.917505
2196.203421,0,2784,2511,0,60,62,771,2587,2321,100,1044.148613,979.890962,695,1242,2219,319,0,2041,4454,4208,6164,73.311132,1252,982,448,338,2292,445,332,0,2525.674266,2178.587585,28.561943
2886.197742,395,7264,7027,647,18,436,1304,4998,5237,100,1181.756108,1112.439353,1646,7038,3740,408,480,4683,5240,3414,3723,19.120744,463,1046,844,678,663,568,421,0,2353.943445,2896.042787,1.846429
462.449225,0,1833,1774,0,24,192,947,2407,1342,89.19483,892.414094,811.710579,368,314,2304,220,63,870,2750,2624,4063,80.647082,1012,826,742,272,1496,491,409,0,2848.06593,1868.220368,1.740813
2708.317418,58,2845,2758,275,8,160,507,2020,2077,100,1153.77221,1117.399196,745,2820,1529,122,244,1820,1995,1209,1287,16.805955,168,584,322,160,386,127,121,0,871.995535,1034.229905,2.559612
3551.524997,0,2783,2785,29,77,541,531,1434,1384,100,1130.50102,1081.478648,155,3005,760,183,110,1039,1557,924,1074,18.194139,150,414,362,146,338,133,112,0,969.264562,1728.938401,1.404152
8609.036083,0,6215,6999,885,1632,3691,3079,5799,2016,100,1111.267921,941.709445,280,4886,1441,855,101,1134,7522,6604,6606,54.94926,734,2458,1120,656,2018,862,411,0,1769.260799,3039.101936,12.853052
4544.446521,129,7113,7030,337,155,1009,2036,4547,4069,100,1095.355326,1056.057711,654,5408,3329,459,402,3218,6832,5698,6127,39.557105,874,1776,800,638,920,808,807,0,3219.938638,2793.500759,7.605652
2642.563522,0,6847,6559,35,27,133,1492,4469,5635,62.108378,1108.398247,1051.534769,1406,3451,4589,584,16,5785,7659,6491,8549,43.740087,966,1758,814,610,609,581,548,0,5721.661404,4938.706588,59.676722
979.616655,150,7181,7106,225,350,336,2309,5186,4950,92.103058,1044.20147,985.292668,1327,1279,7743,574,192,4493,4488,2679,2711,15.14779,311,1022,852,400,212,174,155,0,6425.197392,4904.792193,8.484237
2400.478032,0,1607,1611,23,91,169,521,945,949,98.181771,1053.52399,998.253826,181,426,1370,114,112,852,738,357,321,9.427313,31,174,56,52,35,28,27,0,932.632482,823.052931,6.321185
1029.101355,0,532,532,0,23,93,179,394,285,100,1070.763581,1049.884234,47,404,193,68,15,211,479,391,409,34.34089,42,136,58,42,92,41,18,0,141.602308,209.241552,0.309837
3671.926746,95,5825,5858,225,56,655,1261,3390,3570,100,1156.483231,1093.252403,843,5229,2203,339,452,3145,5022,3572,3714,27.147138,352,972,844,746,709,475,327,0,1909.468722,2492.802994,4.123642
3640.437296,108,4370,4354,176,73,320,1043,2731,3030,100,1130.914094,1092.047963,709,3437,2087,247,314,2701,4124,2739,2906,27.045137,321,654,628,520,675,402,350,0,2787.0748,1924.542566,2.05638
2713.13515,0,3146,3013,37,554,298,1039,2744,1988,100,1108.902123,1010.514769,348,1892,1973,271,138,1510,3630,3257,3793,51.312229,559,656,550,310,698,634,289,0,1945.019968,1697.516766,11.769926
1682.024676,0,1952,1882,0,90,99,562,1437,1433,98.171922,1075.298869,1029.819238,368,590,1913,131,59,1253,1369,907,908,18.033764,121,260,228,122,102,79,60,0,1578.549464,1184.766343,2.870815
2884.008856,30,3260,3259,186,175,433,1145,2056,1881,98.837765,1064.121246,1000.380548,276,1130,2582,182,329,1510,1812,1043,1075,15.65686,148,268,262,156,121,103,83,0,2198.151848,1668.812502,7.420545
2105.534446,10,8307,8164,298,239,689,2615,5804,5509,100,1115.541782,1046.303252,1124,3831,6499,435,759,4747,5327,3497,4122,21.184089,659,964,796,600,1001,363,300,0,5147.685424,5149.877998,3.900347
1490.776623,0,3089,2957,29,30,86,872,2477,2380,65.35173,1096.272818,1050.806271,609,841,3444,166,107,2145,1670,829,770,9.516747,56,346,214,176,218,65,45,0,1498.822854,2417.63767,-6.521351
2236.382444,121,2677,2511,233,199,183,961,2902,2052,100,1039.7851,970.420756,481,1096,2659,208,71,1373,3854,3579,4193,58.594187,885,902,560,452,1067,285,262,0,2647.918577,1864.948845,0.842107
1576.663286,0,4482,4155,15,248,396,1793,4477,3186,100,1008.493798,945.668381,554,2072,3502,458,176,2176,7076,6607,7648,69.991764,1690,1468,1392,730,1276,766,676,0,4149.603657,2974.217496,14.57772
2026.544942,75,5558,5263,1651,231,1051,2387,7416,2991,100,1026.548666,971.765552,368,4207,2803,949,290,1921,10270,9560,10006,68.328326,1496,3056,1586,1014,2727,964,763,0,4421.724395,3560.014642,8.441134
147.253717,0,131,125,0,0,0,24,86,97,19.366872,1069.30169,1069.30169,20,54,126,8,0,97,55,16,6,1.73913,0,16,16,8,0,0,0,0,70.129111,98.58723,0
3621.605989,0,2476,2467,82,203,287,384,1246,1451,100,1120.680444,1080.534724,219,2611,946,142,51,1222,1282,705,843,15.186453,151,316,250,142,240,124,52,0,1260.574105,1638.838172,7.396247
1419.375435,31,2582,2588,146,248,372,994,2283,1682,95.702204,1039.233048,969.795195,268,1212,2139,180,165,1343,2352,1993,2741,44.897625,533,416,350,250,728,400,369,1,2036.344532,2062.031372,8.37508
3822.854591,75,9741,9546,227,383,1298,3071,7861,6311,100,1105.513543,1006.272487,1059,6047,6758,758,501,5111,8423,7192,10319,43.645054,2071,1760,1534,910,2771,1846,1845,1,7773.547093,7893.995415,6.002955
612.408767,0,1337,1302,0,33,16,396,987,1014,16.191361,1053.09601,1018.516644,329,299,1543,96,9,957,489,184,93,2.600671,0,110,108,32,19,9,9,0,783.6336,1042.402845,7.548609
5596.329332,30,2870,3138,50,1544,824,926,1627,1379,100,1144.956386,894.361665,147,2015,1197,247,71,857,2111,1558,1923,34.0897,593,400,374,184,506,163,157,0,1688.61795,1845.221583,19.046287
1066.98981,15,1070,1044,63,249,92,568,1358,820,100,843.528284,804.617096,251,117,1402,123,38,500,1311,1195,1734,57.265522,473,438,256,108,448,445,250,0,1230.630091,1090.610343,0.677203
1034.97087,0,11051,10328,5,384,367,3257,8792,8909,74.165384,1058.579956,990.017281,2452,3189,11159,1053,65,8187,10529,8924,12725,40.481644,1778,1802,1788,1260,1530,1156,1081,0,9644.630863,9915.723721,54.184498
223.281256,60,2903,2801,112,5,87,862,2035,2245,53.09077,1080.915311,1031.19269,448,776,2857,196,126,2196,2467,1635,1758,22.452107,222,720,448,174,162,113,104,0,2351.795554,2382.338393,91.132495
1480.158841,0,5116,4803,0,337,141,1471,3816,4022,63.367441,1071.705049,1000.394619,1078,1236,5442,466,50,3770,4517,3317,3657,26.248923,567,1098,724,568,308,217,199,0,4458.655708,4284.082814,59.495162
150.077257,0,173,162,0,0,0,52,157,148,10.960969,1045.51267,1045.51267,44,27,250,16,9,106,70,38,30,6.315789,0,18,14,10,6,5,0,0,145.337427,64.028961,23.391291
1529.990709,50,7103,6781,70,719,416,2584,5447,5005,66.564221,1094.217775,945.991981,1233,1120,8309,638,260,4179,4976,3241,3382,19.125714,575,1172,1084,464,224,197,166,0,5720.792467,5398.988827,24.930217
745.946787,0,3061,2868,54,131,89,1025,2237,2275,96.755582,987.618148,952.777487,611,487,3291,307,9,2308,2700,1913,2204,26.269368,319,850,466,286,219,153,142,0,2686.051032,2606.314943,18.253602
2505.889471,0,723,742,0,0,107,86,206,368,100,1118.828068,1117.194101,26,690,200,41,0,248,374,153,166,11.456177,32,122,64,38,56,25,16,0,279.751895,319.966552,0.964354
451.392929,0,1098,1079,0,32,33,392,790,778,43.348251,1029.061339,978.637403,185,145,1309,83,21,693,345,88,43,1.602684,0,80,66,16,13,10,5,0,663.883143,667.26281,2.601661
2365.578414,0,1686,1632,0,33,13,332,1350,1437,61.373886,1112.984874,1096.526557,548,828,1763,96,25,1305,807,402,391,7.721169,31,154,112,82,46,38,27,0,1266.072631,1338.385294,6.016579
1989.09916,85,2731,2611,251,61,74,651,2040,2135,65.56583,1136.562473,1071.155273,626,1179,2705,172,75,1868,1379,618,601,7.996275,72,158,154,116,85,68,57,0,1879.360558,1996.436379,2.587207
2281.270905,0,1734,1682,11,161,73,477,1291,1285,100,1103.617842,1045.266683,259,601,1746,116,43,1158,813,463,419,9.57058,56,130,100,74,48,26,19,0,1111.646445,1190.345948,10.020376
1730.06483,132,10020,9694,439,461,716,3287,6728,6379,99.999994,1142.758266,1017.819554,1265,3275,9152,544,888,5361,4925,2673,2516,11.068098,577,704,610,546,302,155,147,0,5781.347185,6149.574954,8.430729
2795.79403,0,2046,2029,0,417,213,1175,2742,1597,100,826.826756,770.192777,464,305,2492,286,91,1039,2819,2624,4251,73.003606,1179,856,470,188,1713,1039,223,0,2763.559164,2209.91238,10.658816
2411.300198,145,7967,7608,273,1071,528,3226,7825,5956,98.168078,1055.391855,939.631038,1430,2191,7687,708,331,4244,10834,9539,11467,55.430947,2154,2004,1020,936,973,964,893,0,8418.828857,6319.309669,0.388596
2453.130533,125,9310,8836,1037,1007,1459,4384,9547,6099,94.732333,988.638586,848.260286,1377,2617,8288,1093,539,4335,15398,14336,16232,70.647632,4049,3264,3128,1468,1599,1167,947,0,9618.12322,7524.797026,17.77441
2349.919481,0,874,851,77,0,60,166,649,609,100,1118.913557,1096.151266,205,791,484,48,70,529,662,528,539,23.734038,86,112,106,68,195,81,51,0,405.647781,283.126686,-0.750492
2204.035783,0,5942,5666,8,397,398,2220,5273,4379,67.052335,1027.471473,918.492098,889,1678,5502,669,125,3326,7366,6542,8369,55.923822,1635,1512,1146,860,1626,578,471,0,4617.565631,4009.646984,37.602118
2503.857014,55,2759,2664,70,80,134,1060,2855,2187,100,998.125588,935.813725,769,725,2852,320,8,1779,3855,3598,5052,63.268629,961,954,618,516,844,486,352,0,1979.944914,2753.010898,-4.504896
510.32505,0,1944,1838,0,0,38,406,1192,1612,56.666612,1071.550209,1026.107827,328,1031,1243,196,0,1543,2850,2560,3355,60.007154,523,964,554,230,714,255,249,1,1529.785013,1523.635078,198.148951
204.310224,0,304,282,0,10,0,88,242,232,27.121845,1057.43057,1033.940758,78,38,436,7,0,190,144,78,76,9.257004,16,34,16,16,17,17,7,0,259.872738,113.884828,12.444376
1163.287815,0,3668,3538,16,60,70,704,2806,3033,49.34278,1140.023008,1090.394275,1004,1679,3795,237,75,2879,1426,657,798,7.459338,51,242,198,102,209,70,67,0,1924.656564,1967.684015,0
653.892224,20,3898,3748,71,0,141,1101,2893,2949,100,1125.421153,1071.202484,768,1361,3810,175,229,2272,2329,1409,1575,15.795808,162,356,288,256,378,146,111,0,2503.048371,2536.739053,-0.384462
2212.143874,0,2621,3284,490,63,817,441,1105,1334,90.840532,1136.482414,1089.948374,96,2207,742,168,0,599,2679,2064,2023,42.163401,212,708,440,398,486,257,132,0,499.53377,965.716513,40.886909
2555.895022,69,10131,9692,310,105,422,3098,9010,7793,97.285641,1147.261445,1056.312881,2025,6264,7822,806,504,6050,11523,9953,12357,47.083254,2155,2518,2506,1204,3628,2192,1825,0,5552.881289,5472.785269,2.268545
2225.720378,75,7474,7110,33,47,413,2331,6344,5356,100,1103.461902,1047.334388,1099,4641,5281,515,580,3992,8380,7491,9407,52.774194,1645,1642,1310,1088,2057,1820,1808,0,4489.592527,3735.541849,3.366683
1044.960498,120,4266,4076,314,37,168,939,3361,3291,81.186873,1156.659799,1088.335299,883,2795,3416,260,234,2916,3383,2533,3082,26.844352,449,734,558,472,693,450,429,0,2382.961233,2274.744086,-3.452341
888.872166,0,3635,3512,0,41,44,611,2033,3086,41.522129,1134.992219,1097.804333,685,1293,3123,152,16,3522,1298,632,925,8.648901,75,184,118,76,220,105,91,0,2965.047889,3133.196562,226.377136
2144.032829,100,3132,2985,144,711,357,1539,3215,2169,80.237873,946.700057,840.407572,477,481,3148,332,150,1492,3974,3416,3824,49.278351,902,662,524,398,405,231,207,0,3223.951222,2106.739738,9.78962
835.898885,0,2186,2154,0,89,121,922,1642,1374,61.157906,1077.570476,986.361619,244,496,2249,105,192,1055,893,470,429,9.192201,61,184,166,88,127,122,16,0,1555.233755,2038.495641,3.896628
1893.377949,0,1458,1410,0,0,67,242,923,1056,100,1152.152424,1119.33596,300,1406,772,82,85,950,813,553,763,19.890511,50,252,122,76,282,135,72,0,927.999042,1151.726057,-0.256578
3651.08131,80,2243,2489,1129,11,464,263,748,1045,100,1147.503441,1117.307792,52,2358,561,117,69,604,1298,711,623,14.808652,49,314,164,144,86,84,66,0,495.77762,1063.121129,5.613018
2765.424671,117,2187,2152,157,72,143,623,1482,1453,97.778952,1085.415536,1045.732067,350,875,1844,140,138,1333,1050,481,522,9.956132,65,200,146,88,84,50,46,1,1654.448308,1258.827693,10.764164
3953.43257,102,3913,4074,193,28,454,940,2185,2331,100,1109.60093,1079.271015,536,3213,1711,220,309,2100,2770,1831,2051,22.637969,255,410,374,324,283,199,176,0,2203.965268,1662.624696,4.086588
1667.452855,30,2221,2136,0,0,17,322,1791,1905,95.847638,1148.584558,1115.29716,719,1444,2059,146,0,1766,972,511,596,8.906157,22,208,134,78,160,66,50,0,851.0308,1242.20755,-1.620401
6199.573106,0,6976,7419,25,117,908,1150,2165,3318,99.687825,1120.73804,1090.658359,413,5645,2048,371,213,2656,3806,1923,2086,15.588103,219,878,458,314,269,221,212,0,2618.740605,3650.249552,6.39871
263.142168,0,2115,2042,70,17,55,606,1715,1645,12.466276,1082.292517,1054.050481,480,823,2269,153,72,1406,1043,355,239,4.237589,14,166,126,108,38,38,30,0,1119.380343,1608.243035,0
1683.026136,60,8509,7946,135,647,281,2702,8291,6989,80.786536,1072.902749,1007.779038,1926,3174,7828,878,96,5043,11671,10208,12045,50.707249,1753,2070,1006,914,864,742,660,0,6209.490494,5986.444306,1.455374
1569.861307,186,9224,8681,568,522,403,2906,7875,7244,79.279809,1104.002796,985.232916,1745,2807,9218,796,176,5931,9065,8166,11567,45.917193,1733,1964,1626,820,1911,1433,1144,0,8306.489506,9433.686126,55.32199
3329.637738,0,938,998,87,9,124,270,610,553,100,1059.663567,1042.266617,117,444,703,48,68,457,548,442,523,24.73983,76,210,96,42,161,66,35,0,394.350081,560.525621,12.448133
3203.030178,98,7446,7422,351,85,832,1744,4823,4730,100,1136.872231,1073.862924,1281,4860,4955,460,514,3975,4123,3259,4033,22.521919,430,1238,666,446,1092,569,239,0,3341.253845,4532.006528,4.72372
1415.354651,0,548,529,13,41,34,152,411,382,100,1106.361132,1062.897353,106,299,440,30,53,347,250,190,272,19.810634,35,46,42,36,73,26,22,1,247.486363,327.89679,0.973574
1944.603112,0,763,723,50,133,85,351,721,466,97.323543,901.008688,850.719794,123,86,727,68,64,321,853,688,768,45.283019,171,106,100,94,98,45,41,1,710.253856,457.504809,1.48416
1750.825258,0,2480,2500,218,38,306,642,1622,1435,100,1112.365018,1052.703924,279,1913,1412,151,97,1244,1586,1160,1465,25.938385,304,398,370,196,429,271,109,0,1146.116013,1601.274665,7.665566
2619.120089,90,4552,4403,262,151,534,2230,5051,3275,90.384103,1003.111777,901.678423,746,1326,4771,350,394,2243,5874,5404,7772,65.503582,1728,1154,850,662,2313,1352,773,0,4694.587633,3799.03089,6.112043
1915.370971,48,10108,9611,298,531,451,3067,7434,7160,92.621386,1107.958296,1027.676176,1684,2950,10330,610,439,6164,5611,3208,3137,12.59182,408,620,546,498,334,321,257,0,6538.18019,8974.311289,2.375685
307.340031,0,563,556,0,0,6,131,396,429,36.415169,1106.95591,1089.36368,137,355,410,28,16,405,242,87,51,3.471749,0,50,46,30,12,10,8,0,260.711585,453.944488,11.653241
4923.003484,0,5040,5092,84,766,975,1201,2754,2616,100,1120.334201,1052.496586,422,4928,1954,294,247,2139,2970,1773,2090,19.337528,480,800,768,310,594,322,131,0,2468.441438,3210.548811,4.252981
7648.813809,2,4055,4254,927,1809,1107,1094,2320,1965,100,1134.466863,948.831155,230,3563,1572,326,87,1273,3139,2146,2521,30.040515,787,712,614,256,482,263,209,0,2296.028115,2741.793638,9.648213
2756.013769,103,3238,3325,199,2156,881,1191,2343,1711,100,1083.282884,845.736004,336,2069,1625,324,161,1245,2853,2424,3088,44.812074,865,420,400,344,451,359,350,1,1732.707224,1816.911999,-5.215881
2848.743284,153,5288,5606,645,719,1277,1981,4453,2798,98.466071,1059.140058,938.99883,430,3426,2935,591,213,2017,6084,5206,6203,54.033101,1469,1928,1306,436,1577,578,405,0,3947.733169,4252.700131,17.024151
2574.840952,90,4161,3995,332,369,384,1489,3176,2717,100,1093.926682,1024.431217,561,2225,3036,215,457,2211,3507,2891,3252,33.650662,631,582,496,444,676,670,315,0,2126.301368,1787.070693,2.553787
1142.257675,71,2380,2293,115,586,301,1153,2172,1464,90.961971,886.900689,812.327325,273,187,2868,278,122,1119,1244,599,583,11.064718,104,330,166,98,50,42,34,0,3121.893867,1633.398531,2.903908
1257.293381,60,6683,6510,346,133,341,1923,4916,4884,78.13902,1141.973587,1059.894205,1344,2659,6338,389,585,4299,3777,1453,1417,8.325499,117,492,460,284,193,150,126,0,5190.606151,5114.738056,2.673841
1832.873529,202,15099,14852,963,1318,1479,5834,10939,9174,87.988709,1092.515523,956.458714,1783,3360,14281,1183,875,7612,8325,4019,3921,11.908884,559,1782,1040,568,371,276,272,0,10355.51918,10111.03562,4.969263
3891.613101,0,455,462,19,0,56,109,191,242,100,1076.7976,1072.902158,36,346,173,22,28,189,314,230,220,23.939064,16,74,36,28,27,18,18,1,217.515829,162.702055,-4.820416
2235.448506,82,3137,3042,77,172,159,1125,2879,2421,100,1049.233265,985.253594,536,768,3350,228,124,1707,2812,2428,3024,37.715141,423,394,366,336,570,569,346,0,2795.658696,2816.023871,-8.835908
5588.766554,0,2121,2142,7,20,390,639,1352,1080,100,1103.592105,1046.632291,138,1692,723,176,120,756,2475,2143,2220,51.412691,246,840,220,182,393,282,181,0,919.694026,806.915599,12.199506
3071.59506,69,9563,9484,268,43,650,1689,5764,6495,100,1153.217489,1108.978352,1686,8951,4318,560,499,5833,6217,4333,4735,19.789359,509,1470,1288,766,937,754,411,0,2940.908909,3038.10268,6.46714
2445.375918,168,14631,13812,879,173,729,4402,13322,10888,100,1146.033296,1059.921355,3259,10675,9842,1176,876,8693,19159,16746,18407,48.688039,2910,4108,3652,2144,4859,3432,1168,0,6150.916094,5924.361553,2.55031
2352.122818,258,7566,7414,506,864,995,3182,6933,4937,100,1037.438556,930.862202,1045,2461,7050,575,630,3521,7638,6878,9129,49.651909,1604,1930,1068,608,1752,1505,839,0,5987.748687,5937.063365,8.697965
1919.240288,0,1007,991,0,0,28,244,626,762,100,1118.198636,1079.5121,162,436,745,45,40,718,695,578,832,31.598937,59,130,108,74,180,86,83,0,919.247383,833.641988,10.464241
2101.202942,225,7704,7434,274,225,308,1927,5524,5798,87.429019,1125.642942,1071.391489,1271,3793,6775,412,305,5133,3796,2575,2991,15.001505,280,912,448,356,670,333,223,0,4491.057325,4185.661882,1.580696
1788.289388,0,3586,3354,0,7,53,907,3634,3239,63.22424,1123.332745,1061.448021,1208,1201,4158,256,16,2619,3513,3242,5223,45.58785,498,714,600,292,1522,833,741,0,2126.73112,3348.920039,13.247712
1838.352732,0,2050,2064,0,150,200,908,1920,1423,100,1003.238143,939.749358,329,466,2246,101,190,964,1739,1606,2473,49.469894,485,384,292,244,703,688,238,0,1632.338253,1604.804693,4.634475
1292.219135,170,3584,3332,226,206,169,1282,3554,2786,81.219505,1021.131216,953.480997,772,1009,3668,416,90,2102,5105,4391,5051,51.677921,913,1040,1020,466,481,390,346,0,3604.787322,2519.106241,4.978152
3467.710346,0,1867,1874,7,505,255,639,1305,1158,100,1088.740595,992.501609,237,1016,1184,112,146,1004,1270,881,1007,24.102441,159,210,172,136,167,160,87,0,1039.587492,1241.676579,8.631483
1859.302351,0,8098,7497,0,460,385,2936,7224,6349,89.194639,1017.577372,946.028433,2055,1892,8256,920,144,5319,11786,10044,10674,47.320122,1935,2242,1786,1398,932,586,564,0,6022.752229,6716.491021,7.832138
3039.498275,0,4554,4537,104,450,299,953,3053,3314,98.751097,1138.482639,1085.264054,978,3519,2672,273,293,3267,2994,1383,1558,13.075955,191,510,370,222,216,195,144,0,2905.98826,3490.276803,5.415355
203.227618,0,134,126,0,0,0,20,115,110,0,1092.864655,1092.864655,39,58,135,0,0,96,64,21,28,7.427056,0,20,16,8,6,6,5,0,74.584751,110.704608,0
462.081693,45,3482,3356,125,744,351,1613,2739,2232,37.830043,1039.747577,902.994126,470,345,4039,275,231,1802,1375,419,265,3.373647,31,308,208,98,33,21,20,0,2676.507038,1947.355021,13.736921
3718.809246,60,5377,5447,166,113,654,1036,2985,3183,100,1135.140812,1098.546783,709,5210,1922,314,241,2664,3641,2588,2731,22.129487,334,822,798,360,491,344,214,0,1498.2122,1660.490086,3.869956
3963.529004,0,9128,9298,781,127,1639,1906,5175,4743,100,1163.16187,1088.660881,1075,8949,2749,650,335,3721,6627,4827,4898,24.539078,537,1502,1340,732,824,405,379,0,2330.625321,2690.917021,5.298459
411.282122,35,895,888,243,13,32,205,622,728,100,1129.028457,1082.998593,141,529,635,60,22,772,954,652,779,29.904031,118,182,156,118,94,86,71,0,413.927172,695.553694,-1.763244
2158.530669,17,3578,3438,109,110,143,919,2551,2602,100,1116.793926,1068.061795,632,1817,3118,211,171,2375,1842,991,949,10.503597,183,328,236,154,125,100,58,0,2269.968731,2407.39036,4.857355
2635.387406,60,2681,2624,344,631,345,919,1915,1601,100,1093.679655,976.688599,329,1425,2011,182,194,1231,1875,1511,1839,30.583735,299,302,294,210,259,203,179,0,2336.874192,1901.041226,8.382967
2023.341845,0,2390,2376,789,79,221,590,1470,1537,76.980486,1109.905335,1066.73769,322,1814,1389,128,167,1356,1494,1154,1327,24.317391,158,324,310,134,215,163,132,0,1354.317744,1714.986853,9.385163
1765.775235,30,2186,2157,47,1853,430,1090,2093,1235,100,924.591604,808.661943,265,722,1792,201,137,896,1818,1570,1937,39.482267,408,340,302,168,501,180,157,0,1956.914919,1606.240897,5.071629
2743.815894,60,4121,4142,156,374,320,1174,2616,2766,100,1123.160604,1048.489771,551,2211,2820,200,306,2502,2760,1768,1924,19.634657,346,422,408,258,410,213,140,0,2599.780242,2772.94318,9.271255
2098.320948,0,5136,4955,0,21,98,1293,4041,4370,72.573608,1114.169406,1049.733524,1356,1778,4923,370,16,4370,4371,3778,5497,34.957075,607,678,590,522,635,546,530,0,3772.560922,3971.451268,19.045462
73.601248,0,94,92,833,20,0,10,58,84,3.857339,1155.521037,1155.521037,24,48,273,0,0,106,103,46,37,3.510436,0,44,18,14,7,6,6,0,34.077572,257.197822,-0.140898
2150.332872,0,13387,12835,16,275,620,4096,11259,10274,95.787162,1086.626927,995.504053,3161,4160,14186,1216,239,8631,11626,8988,10598,29.611623,1661,1948,1878,1026,840,690,494,0,10289.40921,12156.61394,-0.723037
3736.630708,0,2799,2686,73,114,322,877,2177,1815,100,1074.128475,1028.60566,404,1850,1729,200,162,1542,2663,2318,2818,41.791487,468,876,742,222,912,453,146,0,1751.307048,1590.49679,7.887931
2361.20419,0,715,695,0,7,76,223,553,471,100,1047.626853,1028.140338,58,439,452,53,66,388,735,645,744,43.559719,138,226,116,68,142,114,89,0,444.525997,399.059052,12.94964
600.406882,0,967,918,0,34,40,246,664,753,27.756556,1097.908202,1069.73269,220,484,924,46,30,777,315,113,104,3.903904,0,70,48,40,15,13,11,0,412.600245,455.469465,26.273299
1889.978987,0,1377,1333,41,0,73,230,931,1020,100,1146.521433,1116.37889,317,1294,801,63,103,950,741,503,723,19.873557,76,170,146,114,215,144,66,0,851.21122,1139.548891,2.626011
2315.187582,0,4442,4368,211,184,400,1018,2875,2908,100,1157.03118,1073.47434,782,3645,2497,243,297,2572,2801,2039,2438,22.808495,318,626,592,320,428,403,349,0,2507.39838,3310.750534,6.122591
1862.707313,0,749,742,131,116,85,353,753,502,100,907.094983,889.735672,92,148,789,58,62,332,690,594,732,40.962507,182,76,72,70,105,58,42,0,829.364148,667.733574,0
435.484854,105,455,432,137,0,34,204,416,282,35.773252,994.373919,935.017601,55,47,629,9,80,177,213,83,71,6.787763,6,56,30,26,20,12,8,0,354.073079,308.764288,11.962679
169.058371,0,609,589,0,0,11,151,426,468,24.469164,1094.695368,1077.654386,109,349,439,35,15,378,287,108,78,5.141727,8,46,46,36,23,11,10,0,217.225689,458.746584,11.879912
371.241843,0,473,477,13,0,11,105,292,343,40.06726,1085.069657,1080.414526,69,277,347,25,15,307,231,95,72,6.266319,7,40,36,18,17,11,10,0,169.341232,352.380247,-0.528613
1241.729265,0,1120,1091,0,33,42,374,1019,879,82.030848,1023.192935,990.461219,239,373,1110,126,0,632,1161,1037,1338,44.437064,244,156,128,120,319,108,102,0,1100.737223,1029.692079,-12.194206
2144.644919,60,3574,3405,95,388,151,1223,3745,2892,98.037846,1060.74564,983.317803,713,1041,3946,300,36,2036,4152,3857,5254,52.979732,944,768,642,600,666,604,517,0,2599.23293,3373.825321,-6.913513
1378.990272,163,4980,4848,151,87,246,1705,4395,3858,85.859522,1100.744125,1030.064954,768,1764,5026,286,215,3056,3991,3526,4883,38.433688,766,668,650,400,1726,776,307,0,3403.310336,3162.6398,-0.930872
2146.625493,0,579,557,0,0,8,136,502,496,80.203264,1078.475581,1054.970808,174,235,584,31,0,374,487,432,574,33.685446,57,80,56,44,138,79,60,0,441.571794,578.773381,0
12.238826,0,23,25,0,0,0,8,25,17,1.865411,1056.70936,1056.70936,6,7,18,0,0,20,33,23,41,46.590909,0,10,10,6,22,7,5,0,13.8095,28.546527,12.311853
844.654608,0,1033,987,0,27,49,386,936,796,88.328694,1042.155815,1003.166659,130,241,1164,54,37,580,865,786,1002,40.386941,168,128,74,58,513,120,52,0,644.43335,820.00738,6.012579
4853.829377,0,4432,4442,60,916,762,1015,2167,2377,100,1128.925392,1042.460853,289,3779,1589,282,116,1795,3125,2238,2523,27.447781,504,678,618,362,384,373,344,0,2245.442644,2170.127404,14.593645
2382.405186,333,8970,8897,1249,27,593,1510,5918,5905,99.702939,1147.32802,1100.100209,1806,8807,4093,521,536,5204,6509,4750,5465,24.019866,742,1608,918,788,1132,774,637,0,3318.934668,3398.563169,5.259946
982.304535,30,6811,6308,97,226,278,2336,6741,5470,73.696517,1109.176637,970.953681,1494,2205,6850,599,197,4105,10032,9054,11184,58.656317,2695,2700,1770,762,2669,1539,943,1,5656.977947,5098.349064,11.730623
945.492584,0,977,940,0,0,6,205,806,827,52.446631,1090.226031,1080.510297,335,279,1212,73,0,898,432,192,203,6.777963,23,52,52,40,18,17,16,0,936.494979,794.06048,1.57001
1082.184017,154,4028,3937,246,192,231,1415,2903,2750,97.845255,1097.234993,1009.215495,610,884,4371,213,318,2317,1829,835,631,6.521964,121,410,262,178,126,67,48,0,3077.597777,2898.134817,-0.072294
3472.905492,0,2888,2728,0,384,190,1298,3203,2272,100,890.014896,839.496297,571,527,3040,373,29,1563,4297,4045,5521,71.247903,1534,784,604,318,1616,591,324,0,2964.655252,2753.949903,-0.068297
2722.33205,0,1384,1276,15,62,172,624,1478,849,100,1024.319273,954.090957,136,770,1011,138,82,548,1687,1551,1730,53.149002,316,422,304,168,345,231,205,0,912.3582,969.349008,2.947137
5156.029894,0,1520,1551,0,58,185,431,842,906,100,1090.758336,1018.602965,99,934,757,109,58,844,1048,773,963,29.476584,206,214,204,116,124,114,84,0,990.812627,1123.21299,7.787713
1348.923482,0,2793,2656,47,55,73,817,2089,2103,100,1107.249961,1047.36031,520,1087,2696,190,75,1765,2025,1396,1497,21.413246,177,316,302,286,206,201,132,0,1481.420783,1480.346615,4.976482
1655.289022,0,320,321,0,0,16,47,208,210,100,1133.23462,1120.330442,63,340,108,18,26,186,158,107,85,11.010363,7,68,22,18,22,16,14,0,95.579068,65.732391,-3.518164
2247.893115,0,7373,6883,36,289,613,3337,8333,5702,90.207563,1062.291749,879.451179,1183,1401,8383,671,309,3737,9389,8978,12841,67.527345,3043,2398,2348,1564,2035,1998,1985,0,8526.617949,7491.934818,1.986973
133.653381,0,375,352,0,0,0,97,308,329,13.37155,1067.392187,1066.485434,118,124,496,22,0,299,168,66,74,6.660666,0,30,24,20,23,9,9,0,311.476795,287.255442,1.75187
760.176146,0,8087,7669,81,181,205,2172,5725,6074,49.411305,1119.161579,1044.951179,1751,1735,9013,473,200,5555,3594,1173,1048,5.031205,66,686,642,206,119,104,95,0,5175.347759,5363.203987,1.324944
6.468447,0,56,71,10,0,10,24,25,7,21.448317,699.924394,699.924394,0,0,50,0,0,5,16,5,0,0,0,8,0,0,5,0,0,0,34.863061,31.141215,14.528809
2635.540911,0,1606,1504,0,133,177,669,1595,1006,99.743904,948.39734,875.649089,210,481,1473,186,47,706,1867,1570,1724,45.024811,398,390,228,194,329,278,113,0,1208.079154,1645.939226,20.640684
556.509269,30,5943,5733,196,225,311,1779,4303,4307,82.006331,1155.215233,1037.495989,1179,1566,6487,339,314,3832,2697,1215,1098,7.224635,164,508,408,272,377,108,77,0,4072.018819,4544.284138,5.13628
573.643934,60,1445,1409,193,12,43,281,913,986,48.324808,1145.282139,1092.401489,251,845,1159,75,68,875,577,338,400,10.917031,22,106,80,58,91,49,46,0,768.858543,795.960439,-2.280863
1849.423511,68,2114,1922,174,5,49,491,1755,1769,49.872229,1073.42638,1022.123263,503,799,1899,173,0,1741,3209,2799,3016,46.665635,573,654,372,326,257,253,189,0,1431.099036,2049.134524,33.381979
1676.580818,0,1730,1607,0,0,17,278,971,1461,13.386766,1081.986478,1081.986478,242,919,1065,127,0,1394,2206,1824,2009,42.383966,227,632,352,226,241,122,104,1,1040.365803,1493.846635,419.261577
208.644226,0,267,259,0,0,0,56,267,242,0,1126.639928,1115.941172,129,122,327,22,0,243,255,148,163,17.951542,14,36,28,26,23,17,16,0,240.275123,223.138555,-1.851852
1686.290336,0,1957,1883,32,83,7,323,1620,1714,60.885858,1155.465638,1102.199426,711,870,2105,157,19,1664,1364,869,1032,16.52522,89,214,144,116,173,109,104,0,1627.704978,1117.480525,24.325466
2038.000532,168,3737,3683,360,137,252,1043,2675,2513,100,1163.1537,1065.128275,483,2276,2776,210,277,2204,2349,1749,2201,23.771466,287,518,368,222,366,235,170,0,2259.26995,2820.166091,3.741462
2627.316051,90,2821,2786,418,591,350,1020,2637,1794,87.046665,1016.257439,938.063143,366,1454,1963,343,146,1361,3580,3244,4042,57.586551,1013,578,524,226,1506,398,233,0,2198.043311,2493.190192,29.105058
2795.946571,90,7666,7569,238,79,795,1800,5563,4995,100,1167.399105,1090.625034,1310,6573,3725,549,428,4543,5552,4258,4907,25.436732,583,1054,920,550,1268,975,366,0,2293.055221,1653.697142,1.662502
3686.421646,52,3739,3733,337,21,306,611,2078,2414,100,1147.312005,1103.480211,584,3559,1473,205,285,2185,2333,1553,1602,17.583141,213,610,372,318,366,190,123,0,1131.651162,792.22707,7.36669
2023.508959,0,3888,3839,6,20,313,936,2733,2586,93.074548,1116.178,1051.695365,481,2571,2168,326,110,1966,4204,3697,4947,51.736038,844,1020,494,332,1321,703,519,0,2053.930018,3341.685531,19.227882
800.361067,0,1042,1070,0,23,29,342,779,731,61.888542,1083.175977,1038.343695,108,309,1134,35,86,526,308,130,86,3.611928,13,62,60,42,26,16,11,0,530.829289,1056.484728,11.984884
3808.949125,0,1957,1898,122,19,127,460,1471,1460,100,1125.517681,1081.93805,494,1487,1261,121,127,1400,1634,1163,1372,25.313653,199,336,214,158,203,202,200,0,1207.851218,1071.074482,4.335578
3380.920016,63,4598,4298,51,1190,321,2373,6069,3873,86.243912,883.992238,821.314962,1334,788,5610,626,9,2995,6659,6301,10399,73.877522,2615,2624,1026,364,3904,2301,730,0,5587.987606,5097.623564,0.747473
5.200815,0,19,32,246,0,6,7,24,16,2.930844,1069.889461,1069.889461,10,19,34,0,0,32,26,18,14,16.470588,0,8,8,6,6,5,5,0,4.590141,42.865286,0
2799.843733,30,4975,4969,183,77,443,1353,3151,3105,94.81045,1111.715124,1057.993616,711,2551,3474,240,370,2561,3111,1894,2081,18.5953,264,514,458,394,523,203,196,0,4555.232905,2960.437894,13.032855
199.864382,0,214,204,0,0,0,50,155,179,0,1083.410606,1061.983558,51,103,206,13,0,189,107,42,34,5.422648,0,32,18,14,10,9,6,0,126.100031,188.978789,41.292534
1124.876588,0,2345,2236,0,86,40,468,1258,1871,52.001054,1064.523094,1060.168427,338,828,1905,144,0,1833,1342,958,1356,21.825205,133,230,172,150,219,162,148,1,1728.896359,1852.567168,0
5074.650817,0,1718,1755,0,0,143,262,768,1074,100,1121.010027,1101.676576,154,1641,698,74,78,999,997,505,608,15.759461,71,268,230,90,282,88,31,0,835.885819,896.625759,5.912484
2399.335201,91,10383,9913,140,500,311,3138,9601,8469,92.908873,1110.780912,1019.377653,2470,3627,10542,871,105,6560,9737,8736,12492,42.459468,1655,2104,1526,994,2022,1936,1706,1,7851.110028,9896.42512,-4.939891
2375.054535,0,5953,5828,101,152,404,1620,4097,4069,100,1120.291402,1060.172745,836,3650,4119,354,348,3681,4094,3065,3327,23.191133,615,960,718,454,671,582,269,0,2602.018129,2591.295891,6.952819
564.696261,0,1061,1029,0,0,28,369,849,777,27.968116,1073.977593,1020.758644,195,319,1084,62,48,677,474,209,152,5.817069,8,188,72,32,46,24,15,0,563.107113,700.087755,0
2557.74599,0,1952,1888,67,26,85,476,1414,1406,100,1111.48019,1080.299149,401,1559,1133,126,123,1274,1433,1103,1194,24.009652,197,302,280,168,339,262,122,0,1063.036325,1119.682331,7.308492
2929.9199,0,1913,1853,97,0,134,392,1339,1321,100,1142.714885,1101.892437,410,1804,942,130,131,1104,1380,978,1007,20.883451,138,386,180,148,306,185,56,0,756.294132,1049.356919,6.027566
2317.125006,0,3513,3448,0,51,150,881,2213,2506,100,1107.399838,1073.300031,483,1909,2794,175,161,2283,1237,604,619,7.235535,48,232,194,114,136,60,49,0,1813.658591,1837.644946,1.972836
664.571126,56,2396,2314,212,30,92,690,1775,1809,57.347442,1108.74497,1058.142502,521,834,2623,143,128,1699,960,408,310,4.883428,8,280,156,86,78,74,21,0,1512.249589,1964.04891,7.175641
3297.931217,60,5538,5523,217,271,758,1312,3407,3409,100,1117.742725,1060.198808,708,3745,3483,280,356,2843,3432,2653,3306,25.608056,598,716,654,400,1194,495,146,0,2615.545099,3300.638257,10.302044
1220.057102,0,2152,2106,82,67,177,649,1566,1468,100,1078.95225,1042.803264,283,1104,1581,115,190,1145,1705,1274,1473,29.191439,201,298,278,172,292,164,157,0,1398.492931,1328.607493,2.118725
1706.688209,60,7609,7228,161,226,297,2147,5801,5794,100,1144.319543,1040.946498,1481,2319,8384,462,214,5247,3913,1933,1837,9.109844,349,460,454,374,245,154,121,0,4988.830975,6000.919993,9.60046
1814.169027,30,3084,3090,157,214,284,868,1948,1964,99.669111,1125.668104,1051.926717,440,1469,2154,172,199,1783,1876,1058,1284,17.761793,203,244,236,200,298,134,127,0,1153.191824,1896.791456,6.578245
1109.410411,192,9363,9276,481,790,609,3391,6437,6114,79.293125,1131.653173,1013.35469,1222,2779,8832,541,795,5409,4873,1378,1114,5.212915,100,840,776,310,167,140,73,0,5372.46472,4543.053557,5.351027
256.797195,0,480,474,6,0,15,135,353,351,75.805208,1079.948689,1066.048005,90,291,356,22,18,295,270,101,68,5.661948,0,62,38,26,17,9,7,0,161.61961,360.161373,-2.636868
777.493728,120,6141,5996,484,12,134,1295,4473,4798,20.375249,1142.859439,1105.892807,1542,3609,5001,249,354,4367,4158,1215,1073,6.50106,70,550,430,316,140,107,92,0,3092.755846,3503.824453,5.711898
567.171977,0,3369,3194,123,33,58,908,2497,2596,54.888579,1106.26614,1050.300044,805,928,3832,184,55,2541,1264,512,391,4.293401,26,372,148,90,73,60,49,0,1809.098459,2701.059409,0.978532
1040.640589,129,6035,5957,264,32,136,1606,4221,4577,46.164341,1144.934973,1082.598972,1270,2476,5658,272,353,4462,3437,859,629,3.927323,30,520,468,224,144,84,81,0,3268.14133,3526.570619,13.69667
2236.4553,104,12542,11917,252,235,632,3622,10147,9118,100,1130.217018,1066.045072,2303,8728,8517,831,932,7059,12372,10306,11773,37.654321,1803,2392,1742,1616,2511,1953,1409,0,5796.030582,6582.135554,6.278458
1757.948433,79,6720,6359,330,300,275,2053,5787,5141,96.531343,1109.780089,1040.853787,1008,3402,5524,434,214,4016,7587,6683,8140,47.353112,1274,1564,1200,954,1579,1061,645,0,4584.258179,1947.252942,8.646367
3622.007692,104,3673,3579,87,74,432,956,2265,2252,100,1120.608689,1073.12963,448,2735,1840,219,225,1946,2832,2305,2636,31.633265,370,800,444,204,520,383,174,0,1692.123902,1471.637821,3.195106
548.851036,120,1753,1628,172,9,6,319,1580,1542,11.836825,1134.473425,1084.399763,592,667,2215,103,0,1346,1570,1157,1383,24.148769,160,334,170,160,220,115,95,0,1958.325045,1573.449164,15.928913
2298.437052,0,8974,8341,40,285,81,2254,7285,7659,75.262437,1111.359598,1040.260544,2771,2954,9150,710,33,7764,9679,7399,8304,29.907081,1159,1854,1850,1118,871,741,531,0,5925.417644,7972.849927,7.344929
1916.379078,64,9141,8792,197,553,360,2968,7570,7047,37.011637,1075.553038,1003.28363,2121,2339,9647,806,201,6263,8611,6635,7632,30.696215,1157,1582,1370,982,571,444,406,1,5425.24016,7147.222263,1.428016
2566.403547,90,4680,4634,97,106,379,1059,2800,3163,97.506851,1135.023207,1060.881342,703,2942,3164,264,230,2956,2724,1702,2265,19.896346,443,552,370,288,403,384,279,0,2491.499688,5408.871356,7.080452
2865.93447,0,1948,1895,0,29,158,528,1350,1318,100,1107.813685,1054.129432,318,872,1578,83,192,1134,1036,808,1101,23.227848,113,200,182,94,315,143,88,0,1228.170958,1149.897869,5.650948
2074.912557,0,2806,2682,20,340,209,1088,2669,2084,100,997.922145,942.938328,451,705,2681,258,77,1485,3611,3187,3863,55.138453,740,576,556,366,498,403,224,0,2459.184594,2066.761833,1.062865
3525.522434,354,11293,10538,710,1006,1264,4938,10684,7439,100,954.614448,879.986737,1548,3286,9716,1224,547,5222,16151,14710,16484,61.340379,4175,4600,2968,1132,2977,1522,996,0,9362.150144,7250.674876,11.054435
5417.942002,0,4955,5291,835,1870,1664,1586,3732,2273,100,1104.31751,958.64721,414,4378,1755,579,157,1428,4815,3832,4298,41.01145,812,826,624,582,964,615,442,0,3351.093298,2693.819731,16.779299
521.605204,0,917,888,0,0,0,128,645,759,36.69188,1130.21858,1121.867026,237,736,608,59,14,833,431,165,151,5.767762,0,82,60,38,35,25,24,0,383.083271,422.946641,1.840491
4157.531892,50,9560,9440,205,649,1508,2405,5942,5667,100,1108.572471,1047.217951,978,8237,4984,573,407,5006,6034,4163,5646,25.747902,1282,1482,1406,500,2202,1048,274,1,5580.632938,6280.528082,7.512048
2142.822363,0,849,915,99,40,114,322,795,471,100,1063.558665,1038.949262,68,609,382,87,27,347,1090,953,944,48.634724,117,272,158,142,322,86,76,0,615.367818,456.084238,31.852847
2265.396113,30,4319,4188,169,229,341,1336,3114,2923,100,1091.094018,1035.234125,572,2544,2950,254,272,2553,3532,2793,3095,29.439741,597,678,610,298,618,483,204,0,2314.837916,1958.616311,3.055264
2978.736032,0,2287,2222,0,50,162,681,1716,1573,100,1086.339839,1043.722924,338,1094,1798,148,145,1202,1700,1450,1843,33.339363,240,376,320,174,295,176,157,0,1757.481058,1740.892137,18.491192
3093.730532,110,2318,2219,111,41,193,758,2012,1545,100,1070.80669,1022.997421,260,1419,1491,202,95,1208,2860,2536,3061,53.777231,500,646,622,376,632,496,454,0,1490.349151,1348.411588,7.171717
1448.924749,0,3465,3311,48,150,261,1137,3138,2497,100,1073.237446,1020.154442,566,1621,2965,241,214,1928,3689,3230,3936,44.931507,686,858,592,384,1255,307,296,0,3004.003199,2154.594647,3.45679
2297.155644,0,2861,2725,173,128,318,845,2296,1919,100,1077.478198,1033.908819,394,1818,1983,201,128,1712,2783,2379,3020,41.96776,610,774,670,294,1020,414,252,0,1872.482592,1691.12865,6.405818
140.998905,0,505,499,0,0,0,133,322,358,32.611524,1095.691686,1076.285753,62,299,334,20,12,316,225,96,78,6.510851,0,42,30,24,16,14,12,0,167.49401,365.810865,14.023894
3983.501676,0,3191,3113,0,19,337,827,2076,1970,100,1112.866552,1065.774179,475,2430,1532,252,171,1776,2784,2257,2599,34.741345,320,694,412,230,357,301,271,0,1696.849687,1388.231793,8.015927
410.079285,0,1156,1122,0,0,0,171,935,1005,62.229489,1151.10195,1131.430592,382,851,1017,64,13,954,631,318,323,8.964752,21,116,76,64,102,24,23,0,487.930827,600.418458,4.435553
3292.832161,40,4489,4481,108,110,334,1211,2888,2961,100,1124.029217,1070.353496,741,2280,3292,228,351,2718,2207,1159,1269,11.776169,152,336,208,176,256,133,125,0,1708.245553,2791.957065,5.627979
1652.315391,71,1648,1715,3490,79,359,366,2959,827,96.945815,1121.914033,1052.97757,140,2141,617,397,35,661,2227,1661,1649,28.693231,197,650,376,224,483,239,102,0,634.162266,1392.385207,17.632578
3323.070825,15,3566,3469,81,31,279,1023,2731,2525,100,1097.127612,1045.913966,601,1888,2881,214,267,2255,2274,1912,3140,34.045321,456,616,294,190,1063,910,277,1,2289.736919,2958.866316,6.441037
3191.202269,64,6187,6107,233,162,617,2039,4433,3889,100,1088.376381,1011.401562,778,2687,4625,381,608,3008,4383,3769,5259,37.069148,867,856,486,422,1657,722,685,1,3575.892846,4625.673824,9.200106
1843.93641,0,3004,2954,0,44,142,786,1951,2131,78.812748,1115.941478,1064.753097,500,943,2825,190,253,1752,1890,1190,1301,18.019391,148,226,176,156,182,117,98,0,1980.331749,1735.379288,2.820951
520.361956,0,853,823,0,0,11,224,680,695,43.56904,1064.746205,1042.498873,258,166,1168,57,14,685,283,93,86,3.562552,8,70,40,20,18,13,11,0,522.28019,318.529337,14.185618
585.721953,0,422,398,0,0,0,58,317,373,51.620968,1136.043838,1126.673468,147,195,448,22,0,399,179,120,191,13.403509,8,68,30,24,83,31,14,0,167.755137,272.174467,15.956218
1013.291346,0,11094,10492,35,50,178,1884,6768,9085,40.745471,1136.507027,1093.035517,1864,7679,6100,895,16,9689,13641,10005,12338,39.581662,1589,2796,2460,1322,1809,930,785,0,8188.822038,8927.704099,112.962684
1669.114239,0,6793,7067,62,950,814,1331,2959,3801,89.72231,1145.489589,1062.685401,398,4987,3146,319,234,2717,4040,2297,2861,21.170638,446,788,768,272,894,225,157,0,3275.884666,3329.45684,8.227233
40.424361,0,169,188,0,0,0,23,94,102,36.821162,1126.891929,1126.397068,12,137,127,0,17,112,55,19,7,1.694915,0,30,16,8,5,0,0,0,206.796873,181.428515,-32.547865
6545.496301,90,5381,5710,311,428,1179,1142,2282,2474,100,1131.552201,1060.274321,220,4223,1837,292,207,1563,3359,2082,2252,22.089259,494,814,778,294,711,179,138,0,2884.344338,2934.242818,8.361641
2786.091879,105,11794,11683,507,1392,1716,4160,9558,7520,100,1095.708359,975.693752,1376,6361,8282,968,654,6001,10283,8838,12105,43.596485,2562,2434,2128,1404,2327,2117,1129,0,11227.77956,8590.557867,8.206291
5077.353824,0,908,909,5,137,152,193,486,482,100,1119.914578,1061.816255,95,916,305,68,54,409,493,313,387,19.64467,61,110,94,42,104,44,28,0,323.368826,572.304344,-1.566697
499.994277,0,767,750,0,22,13,133,553,635,25.43141,1139.248748,1106.146556,209,463,712,36,12,539,269,125,123,5.657774,8,46,42,32,31,21,8,0,280.589751,345.011727,12.726137
2630.146686,248,19398,18942,716,2307,2579,7881,17314,12375,99.099552,1059.656121,939.28098,2236,6766,17282,1501,1611,8988,17947,16432,22142,49.267945,4609,4242,3074,1762,6059,2867,2454,0,18665.32956,13707.71615,5.634426
5799.921541,30,10834,11101,758,2757,2344,2458,5549,5584,100,1146.735769,1009.081066,643,8664,4608,665,309,3596,7711,5391,6657,30,2077,1618,1468,862,1724,1248,498,0,4246.312622,4982.246933,6.954396
2087.828,2,3998,3907,430,168,259,1194,2658,2567,100,1105.099923,1034.829429,555,1767,3333,201,299,2238,2196,1400,1456,15.495956,334,442,350,272,207,126,66,0,2390.511317,2546.3248,5.36481
1887.717997,105,3408,3277,62,29,76,726,2595,2723,97.903325,1143.663379,1094.430263,771,1957,3029,197,112,2478,1925,1130,1167,12.380649,151,264,224,194,213,147,104,0,2136.777069,2458.601477,-0.226757
1687.224501,138,6796,6563,295,413,705,2251,4764,4269,100,1124.439163,1006.278582,875,2933,5452,403,513,3622,4653,3314,3487,22.557899,804,1134,934,466,561,333,195,0,3571.864056,4154.745828,8.979078
5542.462567,0,698,686,0,8,133,165,283,343,100,1088.833246,1052.905866,44,506,256,35,17,277,458,323,403,28.025035,44,86,70,56,49,31,28,0,338.233767,365.480739,4.093696
2471.826389,126,3144,3087,248,14,171,855,2241,2188,94.678786,1122.732984,1076.832712,438,2134,2166,154,280,1830,1886,1401,1610,21.128609,277,394,312,196,453,172,117,0,1872.421909,2364.620744,6.750192
1028.463503,75,5553,5493,173,266,462,2786,4735,3371,75.105401,1099.58683,941.294301,625,764,6344,287,729,2534,1954,714,582,4.865,71,304,272,166,155,105,33,0,5131.304799,5156.452681,13.368484
878.526586,95,2033,2129,321,61,229,1139,1808,1089,63.811597,994.351397,898.925997,136,231,2256,124,440,707,768,324,242,5.766023,30,150,142,78,91,25,14,0,1530.168626,1887.966205,0
1780.860003,0,11445,10858,0,256,181,2640,9401,9460,87.893839,1129.913248,1080.80312,3162,5361,10915,813,231,8515,10519,8082,9311,27.918203,1069,1876,1600,1094,987,847,755,0,5483.072238,5956.015456,0.67952
3417.856653,102,5502,5178,38,227,189,2156,6238,4720,67.739701,1002.49265,925.598001,1819,1703,5904,680,20,4237,8321,7869,12326,67.706674,2375,2656,1060,920,3018,2536,1257,0,5659.159223,5571.393878,11.499622
615.867838,5,1393,1399,150,5,50,578,1161,999,40.71561,1078.099101,1021.8003,184,309,1554,63,97,753,781,311,329,10.163732,45,128,100,90,124,81,14,0,1127.64582,1466.085748,12.766609
1074.786545,0,1133,1085,0,0,0,120,538,948,6.522054,1134.267433,1129.777123,145,571,810,47,0,884,962,477,503,16.800267,41,242,142,96,40,38,36,1,936.081864,831.215203,0
2745.958048,182,3554,3547,379,87,265,731,2166,2405,97.199558,1155.281049,1095.478512,628,2705,2095,176,351,2295,2251,849,888,9.857904,86,474,300,188,127,117,103,0,1980.084067,2599.163173,6.480677
338.559122,0,432,422,0,0,0,84,299,327,32.646022,1114.356919,1094.895058,86,285,328,29,0,310,205,77,59,5.29148,0,36,30,24,14,11,8,0,118.130769,333.608299,5.144252
679.23967,0,2138,2024,6,78,59,551,1732,1671,99.999997,1086.671179,1049.205209,459,925,2117,157,12,1412,1915,1483,1581,27.53396,242,394,392,324,225,216,142,0,1099.270812,1231.709686,8.970154
3210.920979,0,1734,1683,0,63,57,473,1362,1374,82.543367,1092.709888,1030.827231,384,667,1604,122,13,1238,1540,1236,1572,33.157562,211,210,164,152,150,103,101,0,1467.802004,1864.217344,-1.77526
1345.814396,0,6982,7019,32,539,647,2564,4812,4244,78.487934,1045.771143,981.161354,769,1698,6525,538,435,3516,3324,1486,1450,9.629433,172,834,416,168,166,146,122,0,5126.559289,4674.194124,3.210683
1805.752272,0,779,736,0,6,61,229,524,552,68.02207,1085.417533,1043.308933,93,320,755,36,61,412,565,354,394,21.553611,41,116,108,68,49,42,40,0,590.520717,701.464151,0.051125
5315.610373,0,2068,2084,0,160,317,498,1167,1276,100,1069.088713,1031.720478,152,1506,1029,111,68,1099,1563,1152,1392,30.254293,361,290,256,190,316,173,117,0,1436.771295,1525.970658,3.212035
261.363378,0,567,553,0,0,13,133,436,444,0.844797,1074.292296,1064.187036,144,265,540,35,0,449,249,90,69,4.367089,0,42,40,34,19,14,11,0,326.306948,484.169726,-7.919958
29.249558,0,106,104,0,0,0,25,69,80,45.400944,1077.050448,1077.050448,11,81,80,6,0,59,51,19,18,6.818182,0,12,8,8,5,5,0,0,25.087878,76.834426,0
483.804511,0,2596,2473,0,19,50,669,1747,2057,31.398363,1095.178921,1034.956045,607,531,2833,199,26,2054,1657,881,1026,14.23221,70,404,268,158,82,65,58,0,2285.621277,1962.166841,19.738087
354.878182,0,540,558,8,0,9,137,364,394,41.29703,1090.940309,1076.069164,87,287,432,27,38,359,203,50,31,2.30312,0,50,22,18,14,5,5,0,206.143673,333.857973,0
749.081534,50,3818,3671,98,118,163,1117,2782,2816,31.235485,1120.042793,1029.059032,763,796,4504,232,225,2565,1477,369,258,2.627559,15,264,256,130,43,34,34,0,2135.271226,2356.059273,1.956564
212.389261,0,605,634,63,0,31,211,457,376,57.23029,1076.18473,1053.280782,36,312,556,11,73,294,203,88,65,4.734159,0,52,32,20,35,5,5,0,247.20329,590.236838,-3.994845
2632.981091,0,824,815,0,23,74,228,465,497,100,1036.068238,1015.572117,72,391,502,37,25,430,540,393,494,28.52194,72,92,72,52,104,36,36,0,391.494974,822.884992,10.301139
4318.648935,0,4298,4528,269,1038,936,1130,2345,2249,100,1136.18499,1021.643562,254,3487,1738,259,166,1527,3119,2002,2136,24.932882,494,552,446,348,326,266,260,0,2242.268831,2214.361897,10.645217
1626.335983,201,6843,6509,205,97,132,1695,4858,5623,70.870376,1102.671962,1045.748408,1523,2375,6175,493,52,5621,5346,4420,6713,33.551579,763,1064,1044,580,1215,1177,527,0,4832.76135,5955.322405,96.243084
163.900448,0,19,23,273,0,0,0,8,8,100,1150.062915,1150.062915,0,22,16,5,0,11,17,14,11,23.913043,0,8,6,6,8,6,0,0,5.605731,10.907899,0
5853.942037,0,9449,10131,738,976,2264,1724,3752,4231,100,1153.685786,1069.677615,591,8334,2633,561,377,2445,6476,4023,4037,23.276061,577,1392,968,490,491,395,329,0,3879.305873,4902.900075,13.752666
10635.35942,0,5418,5998,1903,7,1572,980,2509,2526,100,1152.462425,1091.288591,178,5189,1131,411,16,1042,6068,4737,4383,43.825617,435,1552,1154,834,1178,690,531,0,1017.690807,1952.375588,35.529032
778.17671,0,995,991,5,23,115,272,624,645,87.197164,1042.197109,1029.676218,111,485,736,71,65,489,624,431,533,23.80527,78,124,116,70,105,65,33,0,485.436494,1057.150911,3.994954
2807.623665,0,4296,3845,103,297,242,1795,4695,3236,100,980.252903,866.799176,929,1070,4470,499,108,2289,6847,6452,8266,71.375529,2720,2910,994,376,2917,1613,819,1,3017.227724,3005.298776,4.811049
1888.53685,73,7495,6669,128,218,918,3429,8577,5161,100,988.321812,851.678939,1179,2343,6613,873,432,3402,12880,12284,14762,78.529631,4640,4108,2150,818,4860,1637,1374,1,6610.778972,4923.45451,10.41908
2881.17298,60,12918,12263,436,1092,1488,5878,14481,9182,91.367959,954.820393,838.906309,1967,2952,12629,1524,557,6103,19910,18931,23682,73.491807,6657,4416,3030,1858,7841,1602,1424,0,12536.6297,10046.78825,8.20264
289.307021,0,312,317,0,0,0,91,234,233,29.849611,1077.915673,1060.549051,56,127,291,15,0,230,116,54,41,5,0,26,22,18,11,6,0,0,241.726765,352.953907,10.877962
1773.694464,0,974,938,72,47,55,253,843,769,97.694823,1111.753397,1070.688098,276,434,1058,64,79,643,398,225,305,10.904541,18,148,56,44,121,34,27,0,614.62578,591.121195,-8.839237
5929.989035,0,5602,5767,292,118,946,1235,2731,2715,100,1118.019923,1064.806144,599,4227,2097,324,244,2283,4051,2557,3006,25.596049,369,808,648,528,487,382,379,0,2308.268569,2793.524025,5.250136
6205.34891,0,8982,9829,870,487,2379,1783,3231,3499,99.631025,1114.145442,1057.09678,266,6710,2745,623,263,2111,5948,3059,2976,18.726403,363,1542,1060,502,276,240,221,0,4176.784316,4549.096887,12.814732
5893.982048,0,1442,1535,24,10,272,198,392,611,100,1153.517343,1097.620077,84,1177,399,68,58,424,785,367,371,14.160305,19,196,112,110,79,32,31,0,669.126405,718.518446,-6.541494
1416.500775,0,348,336,0,13,11,85,238,279,100,1087.369254,1079.641999,47,139,329,22,13,229,191,138,172,18.736383,6,36,36,26,35,33,19,0,162.911094,221.082101,3.270042
2453.293075,0,2872,2823,14,9,148,652,2136,2172,100,1125.052313,1086.821275,701,1766,2348,168,204,1907,1294,934,1329,17.005758,132,314,170,146,370,223,91,1,1392.755902,1935.223895,3.734999
1979.365169,70,3353,3182,150,90,464,1378,3222,2190,100,1028.535768,907.640279,393,1242,2816,380,209,1581,4121,3733,4611,56.47275,1154,1146,524,296,1249,325,244,0,2869.598936,2109.217595,9.290439
1853.278554,65,6112,5721,105,565,525,2619,6724,4563,82.976997,1027.673033,870.029619,1038,1496,6374,679,212,3088,8636,8024,10742,68.24217,2783,1462,1080,732,3277,1201,798,0,5394.253384,4026.546969,7.764098
3151.365606,92,4892,4743,110,20,242,892,3248,3452,100,1147.763456,1111.846772,1023,4600,2350,314,327,3215,2890,1859,1951,15.353742,213,774,420,350,441,283,212,0,1995.927098,2162.206056,-0.899734
3081.71339,165,3475,3302,246,62,158,953,2728,2696,90.623683,1061.749327,1011.114616,807,1378,2907,328,23,2421,4043,3659,4525,46.395981,562,632,388,354,449,338,328,0,2421.268583,3440.897673,3.882945
2152.374385,0,7300,6984,0,81,169,1693,4666,5807,52.413417,1079.430349,1031.141643,1382,3357,5556,699,49,5756,8488,6556,8169,40.442596,853,2000,1954,558,755,470,467,0,5841.112543,7951.920926,160.331256
2766.783187,0,3717,3482,0,20,52,914,2912,3240,100,1084.214264,1050.951065,820,1571,2983,313,46,3288,4023,3659,5577,49.011337,682,642,616,450,629,482,332,0,2711.707532,2847.230639,48.607538
2242.898962,0,5194,4985,7,35,127,1373,5065,4468,66.101805,1098.183645,1056.602504,1516,2062,5438,423,102,3422,5029,4525,6675,42.619078,717,948,754,606,923,740,717,0,4055.477658,5258.838464,-0.566986
1279.375374,0,799,791,0,38,52,222,561,553,76.612762,1091.381297,1037.857232,158,353,671,48,42,556,326,117,91,4.600607,15,60,58,38,16,15,12,0,438.962304,595.466804,0.287431
2322.549748,45,4885,4753,347,15,165,1377,4069,3740,97.49154,1109.125002,1068.349171,765,3091,3917,297,261,3072,4721,4068,5387,42.791326,780,1038,1002,514,1322,834,805,0,3604.195912,2643.330027,2.000815
1076.876698,160,5777,5477,365,26,141,1303,5000,4725,89.53614,1132.097549,1091.499093,1315,4237,4419,410,163,3625,6037,4795,6447,40.170727,744,974,968,904,1269,1186,834,0,3757.6245,3320.597919,-0.615364
770.690808,37,1556,1514,22,59,30,386,1082,1197,67.632122,1101.009798,1059.662944,261,486,1646,102,34,1116,663,250,206,5.030525,13,142,98,86,44,27,21,0,793.019709,1502.372803,4.880952
273.898737,0,385,374,0,0,0,95,281,302,24.339714,1112.324848,1090.346707,66,223,345,9,9,272,167,68,38,3.707317,0,48,38,20,13,10,0,0,102.846941,307.618602,6.698044
1454.038437,45,7524,7030,60,263,705,3527,8530,5795,89.493887,1020.943318,878.034644,1161,1580,8470,662,321,3665,10300,9906,14001,72.480199,3483,3058,2078,1858,2417,2263,1720,0,8569.580242,7491.93505,-0.128586
3480.079883,60,7450,7508,179,451,1206,2270,4858,4314,100,1085.606216,1019.888165,581,5002,4168,495,381,3595,5409,4323,5967,36.324344,1221,1582,1284,662,1714,1250,417,0,5583.39975,4756.881345,1.723281
3195.360659,49,5747,5966,114,0,572,900,2662,3250,100,1149.002132,1109.632344,684,4966,1928,308,523,2319,3665,2481,2238,18.671784,143,604,576,408,334,231,194,0,1168.922426,2814.486891,-0.255384
802.234411,0,1098,1132,0,10,71,519,945,693,51.181118,1001.278952,949.211876,109,149,1239,65,82,584,425,222,225,9.050684,35,152,78,42,95,44,25,0,762.811697,1108.774394,20.713451
4272.549621,0,792,815,38,11,175,193,460,412,96.769305,1108.853869,1072.014508,39,684,227,82,21,221,757,626,635,40.088384,76,136,132,90,146,95,60,0,343.887431,410.684433,72.67786
948.473614,0,2866,2666,790,51,93,720,1823,2143,21.482578,1068.626882,1003.123144,434,1481,1780,331,0,2103,4016,3186,3946,50.975326,521,1052,682,316,324,286,279,1,2458.858635,3338.343143,233.035972
823.797775,0,2700,2664,155,67,205,931,2003,1768,75.498503,1027.692202,973.240737,278,608,2500,175,110,1183,2103,1792,2192,36.723069,314,332,276,228,469,322,301,0,2110.639616,2135.967336,0
213.812038,0,1131,1083,7,0,19,334,836,881,35.676175,1101.608554,1031.539568,258,246,1296,72,18,777,466,127,88,3.032391,9,90,66,32,20,20,12,0,558.936177,704.685807,29.10242
1130.294079,75,1145,1148,239,5,39,300,930,835,49.953756,1083.274963,1048.818227,213,402,1200,73,33,756,600,256,226,7.419567,19,94,76,56,45,18,16,0,820.388722,1071.304453,-1.375849
1056.519442,0,2572,2487,0,37,89,601,1861,1949,71.773388,1094.62459,1064.155966,602,1154,2400,207,37,1757,1099,446,334,4.95549,11,208,192,78,80,28,26,0,1162.79056,2016.055535,1.269646
1936.126935,20,4127,3942,133,0,140,1053,3683,3273,100,1122.484878,1082.394976,928,2633,3467,240,179,2753,4197,3344,3869,34.95979,567,764,732,500,738,708,620,0,1895.600944,1971.216594,0.961377
2239.50262,49,3825,3684,93,48,139,1055,2868,2817,100,1142.30745,1065.600824,652,2172,3059,212,205,2480,2768,2005,2183,22.521407,351,604,428,284,390,341,123,0,1645.243438,1735.86632,-1.686811
1566.769884,0,2565,2441,6,26,84,661,1996,1989,77.83271,1101.05935,1077.168515,499,1546,2112,136,124,1736,1706,1350,1638,24.882273,207,392,266,214,324,258,173,0,1596.794597,2001.290289,0.905252
384.595886,0,804,763,0,0,30,240,585,600,45.25475,1070.354175,1033.837801,179,168,1013,26,44,571,267,108,126,5.849582,12,76,72,28,56,19,11,0,488.049236,566.594663,33.408449
1299.463105,155,6316,5921,280,202,380,1868,5778,4846,100,1127.59902,1062.360417,1400,3482,5792,466,492,3553,6631,5310,5723,33.438504,766,1338,1250,1142,1200,881,370,0,3531.845399,3617.147755,-5.012388
1717.865537,55,5176,4904,545,156,199,1325,4140,3933,100,1116.986119,1062.030692,881,2494,4709,315,226,2961,4395,3375,3707,27.49592,627,920,754,502,723,600,255,0,2788.010039,2849.461213,-1.627137
543.998708,0,72,66,0,0,0,8,58,63,0.454674,1135.489394,1135.489394,26,46,78,0,0,59,38,12,11,4.803493,0,18,14,6,5,0,0,0,51.840832,37.272745,0
372.060994,0,1766,1688,0,25,17,311,1336,1459,36.632757,1139.707769,1109.864576,449,1228,1411,101,16,1405,990,539,568,11.048434,27,138,116,88,157,68,36,1,754.138343,861.327403,8.752866
1605.758586,0,1536,1458,6,82,24,238,1200,1311,64.354856,1135.146186,1109.2204,499,854,1395,93,13,1300,728,376,388,8.338706,21,100,96,74,84,53,30,1,1059.233964,1236.68086,-5.912121
1383.028868,0,687,653,0,0,0,97,440,593,100,1126.152913,1115.087454,187,521,449,43,0,583,964,741,944,44.888255,122,216,194,148,142,130,87,0,326.818489,557.01298,232.28383
2747.513049,0,1424,1354,10,19,30,355,1164,1144,72.191434,1111.435153,1063.379026,263,614,1387,73,28,941,816,643,828,21.875826,74,162,148,86,198,131,63,0,967.49343,810.402996,-0.424894
2286.103135,5,2145,2099,9,289,194,735,1497,1421,100,1066.76855,1009.164102,271,808,1898,97,169,1133,896,650,746,15.082895,108,226,136,92,124,72,70,0,1291.354961,1085.834087,4.931052
710.275399,62,509,477,66,0,12,107,429,426,22.526034,1098.078223,1089.492771,175,204,624,33,6,448,215,83,65,4.042289,0,26,20,18,19,9,8,0,265.259595,275.507382,24.63754
1647.812158,299,14301,13936,699,1193,1151,4989,11752,10004,89.675972,1116.875724,958.064578,2650,3515,15547,1358,555,8390,10233,7334,8345,23.37666,1767,2254,1642,1222,1316,865,369,0,9532.595207,11239.41976,3.966371
2859.394412,0,4221,4150,66,218,627,1473,3162,2604,100,1041.262208,967.142987,442,2266,2732,408,233,2094,4062,3457,4282,44.762701,896,1222,410,354,1064,337,216,1,2897.72751,3289.989131,4.542995
627.275215,0,1438,1611,410,90,338,318,832,730,100,1118.364565,1065.367666,79,1365,410,131,12,367,1410,1124,1122,37.487471,171,292,280,212,252,142,142,0,510.912691,860.615427,20.691673
1142.051085,0,2114,2053,87,207,90,650,1739,1561,69.390247,1071.724138,992.633357,342,440,2323,170,52,1065,1330,1093,1448,27.538988,204,248,198,122,380,207,141,0,1536.490405,1866.589426,-10.403589
1936.501423,30,7008,6670,252,56,241,1805,6118,5640,100,1153.691087,1080.999313,1328,4622,5620,374,316,4351,7999,6645,7607,40.755425,1041,1462,1214,1098,1227,1195,1017,0,3016.266546,2005.10332,-2.738527
697.339503,0,1148,1080,126,0,30,206,644,878,28.377632,1068.84788,1062.640554,141,855,577,95,7,816,1535,1238,1541,50.7743,189,290,288,108,155,133,104,0,865.674088,1273.926569,286.965193
757.733087,0,688,684,59,91,111,229,500,371,99.8642,1042.281577,980.522634,87,273,527,60,50,300,423,225,243,16.221629,22,68,68,46,29,24,24,1,324.201433,695.078719,6.344016
2659.37181,0,5100,5085,262,451,500,1181,3250,3538,80.303573,1136.378975,1071.869036,1033,3596,3466,286,381,3340,2724,1420,1857,14.589881,201,418,274,200,374,329,107,0,2767.51546,5912.014023,1.732855
7020.296346,176,3258,3472,302,331,769,740,1477,1405,100,1121.181901,1042.271303,104,2499,1195,189,153,887,2211,1439,1607,25.973816,330,530,490,236,406,155,117,0,1790.262749,1834.393866,6.385591
957.903212,0,847,799,0,7,0,95,678,746,57.537288,1141.165097,1121.716804,303,444,921,33,0,753,356,137,113,4.306402,8,64,42,30,33,10,9,0,236.477559,513.317823,18.893141
2329.957846,30,6131,5913,57,124,206,1753,4051,4713,76.253527,1078.051603,998.539859,1158,1630,5912,571,43,4559,4260,2750,3060,18.899389,426,1084,1076,280,233,187,154,0,4633.531073,3877.578736,73.21481
1432.195494,0,1384,1345,250,114,32,305,986,1108,100,1104.927537,1084.007614,268,674,1217,61,41,1005,713,476,527,13.406258,39,142,102,72,57,47,39,0,961.795411,1197.073978,6.789886
130.774018,0,220,190,0,0,0,33,172,180,16.365435,1112.920054,1084.229199,83,68,263,9,0,149,90,61,90,14.195584,5,46,22,12,48,9,6,0,113.283214,120.774172,58.758218
2580.662484,96,5667,5585,98,277,641,1433,3399,3680,98.935041,1100.013008,1046.634447,572,3655,3559,336,305,3259,3728,2550,3408,25.843634,794,830,712,556,754,425,406,0,4045.816996,4359.09973,6.319186