A,B,C,D,E,F,G,H,I,J,K,L,M,N,O,P,Q,R,S,T,U,V,W,X,Y,Z,AA,AB,AC,AD,AE,AF,AG,AH,AI,AJ,AK,AL,AM,AN,AO,AP,AQ,AR,AS,AT,AU,AV,AW,AX,AY,AZ,BA,BB,BC,BD,BE,BF,BG,BH,BI,BJ,BK,BL,BM,BN,BO,BP,BQ,BR,BS,BT,BU,BV,BW,BX,BY,BZ,CA,CB,CC,CD,CE,CF,CG,CH,CI,CJ,CK,CL,CM,CN,CO,CP,CQ,CR,CS,CT,CU,CV,CW,CX,CY,CZ,DA,DB,DC,DD,DE,DF,DG,DH,DI,DJ,DK,DL,DM,DN,DO,DP,DQ,DR,DS,DT,DU,DV,DW,DX,DY,DZ,EA,EB,EC,ED,EE,EF,EG,EH,EI,EJ,EK,EL,EM,EN,EO,EP,EQ,ER,ET,EU,EV,EW,EX,EY,EZ,FA,FB,FC,FD,FE,FF,FG,FH,FI,FJ,FK,FL,FM,FN,FO,FP,FQ,FR,FS,FT,FU,FV,FW,FX,FY,FZ,GA,GB,GC,GD,GE,GF,GG,GH,GI,GJ,GK,GL,GM,GN,GO,GP,GQ,GR,GS,GT,GU,GV,GW,GX,GY,GZ,HA,HB,HC,HD,HE,HF,HG,HH,HI,HJ,HK,HL,HM,HN,HO,HP,HQ,HR,HS,HT,HU,HV,HW,HX,HY,HZ,IA,IB,IC,ID,IE,IF,IG,IH,II,IJ,IK,IL,IM,IN,IO,IP,IQ,IR,IS,IT,IU,IV,IW,IX,IY,IZ,JA,JB,JC,JD,JE,JF,JG,JH,JI,JJ,JK,JL,JM,JN,JO,JP,JQ,JR,JS,JT,JU,JV,JW,JX,JY,JZ,KA,KB,KC,KD,KE,KF,KG,KH,KI,KJ,KK,KL,KM,KN,KO,KP,KQ,KR,KS,KT,KU,KV,KW,KX,KY,KZ,LA,LB,LC,LD,LE,LF,LG,LH,LI,LJ,LK,LL,LM,LN,LO,LP,LQ,LR,LS,LT,LU,LV,LW,LX,LY,LZ,MA,MB,MC,MD,ME,MF,MG,MH,MI,MJ,MK,ML,MM,MN,MO,MP,MQ,MR,MS,MT,MU,MV,MW,MX,MY,MZ,NA,NB,NC,ND,NE,NF,NG,NH,NI,NJ,NK,NL,NM,NN,NO,NP,NQ,NR,NS,NT,NU,NV,NW,NX,NY,NZ,OA,OB,OC,OD,OE,OF,OG,OH,OI,OJ,OK,OL,OM,ON,OO,OP,OQ,OR,OS,OT,OU,OV,OW,OX,OY,OZ,PA,PB,PC,PD,PE,PF,PG,PH,PI,PJ,PK,PL,PM,PN,PO,PP,PQ,PR,PS,PT,PU,PV,PW,PX,PY,PZ,QA,QB,QC,QD,QE,QF,QG,QH,QI,QJ,QK,QL,QM,QN,QO,QP,QQ,QR,QS,QT,QU,QV,QW,QX,QY,QZ,RA,RB,RC,RD,RE,RF,RG,RH,RI,RJ,RK,RL,RM,ES
1,0,0,4,1,0,0,0,0,0,0,0,0,0,0,0,0,0,0,0,6,1,0,0,0,0,0,0,0,0,0,0,0,3758.6,9,7,1,0,0,0,0,0,0,0,0,0,0,0,0,1,0,0,0,0,0,0,0,0,1,0,0,0,0,0,0,3.8,0,0,0,0,1,0,0,0,0,0,0.11,2.9,0.01,0.1,2.89,75.5,0,0,0.83,21.5,1135,7.9,804,5.6,619,4.3,575,4,1229,8.5,5335,37,3240,22.5,436,3,344,2.4,274,1.9,234,1.6,191,1.3,14416,848,6.4,665,5,611,4.6,688,5.2,1187,9,4690,35.5,3008,22.8,411,3.1,346,2.6,294,2.2,248,1.9,200,1.5,13196,33.9,20.8,1.3,-16.5,3.5,13.7,7.7,6,-0.6,-6.7,-5.5,-4.5,0,1,1,0,10,5,0,0,0,2,1,2,4,0,31,0,4,3,0,0,1,0,0,0,5546,2.4,5634,92.3,72,1467,24,825,13.5,1062,17.4,1604,33.8,3586,35.2,3447,465,13.5,88,2.6,100,400,1105,990,853,624,364,827,3686,62.6,3231,31.9,440,6,1917,18.9,560,4.5,192,1.4,1121,11.1,2735,26.9,1,0,0,0,0,0,0,13.1,1,0,0,0,0,0,0,12,1,0,0,0,0,0,0,0,10.4,1,0,0,0,0,33.1,1,0,0,0,0,16.5,1,0,0,0,0,0,0,15.1,53,0.42,3792,30.2,3003,23.9,3730,29.6,795,6.3,1,0,0,0,0,0,0,826,3.3,1,0,0,0,0,0,0,0,0,0,0,0,0,0,722,2.9,1,0,0,0,0,0,0,0,0,0,0,0,0,0,0,0,0,584,2.3,1,0,0,0,0,0,0,0,0,0,0,0,0,0,522,2.1,1,0,0,0,0,0,0,0,0,0,0,0,0,0,0,0,0,0,0,500,2,1,0,0,0,0,0,0,0,0,657,5.2,1,0,0,0,0,0,0,0,0,0,0,0,0,440,3.5,1,0,0,0,0,0,0,0,0,0,0,0,0,0,0,0,366,2.9,1,0,0,0,0,0,0,0,0,0,0,0,0,0,0,0,0,271,2.2,1,0,0,0,0,0,0,0,0,0,0,0,0,0,0,0,0,0,215,1.7,2702,1,0,0,0,0,0,0,0,0,0,0,0,0,0,5,4,216,1,0,0,0,0,0,0,0,6,5,3313,1,0,0,0,0,0,0,0,0,0,7,5,679,20.5,1865,56.3,1
0,1,0,1,0,1,0,0,0,0,0,0,0,0,0,0,0,0,0,0,16,0,1,0,0,0,0,0,0,0,0,0,0,1220.1,21,18,0,1,0,0,0,0,0,0,0,0,0,0,0,0,1,0,0,0,0,0,0,0,0,1,0,0,0,0,0,4.6,0,0,0,0,0,1,0,0,0,0,0.15,3.2,2.26,49.2,1.55,33.8,0,0,0.63,13.8,368,6.6,295,5.3,275,4.9,283,5.1,370,6.6,1687,30.2,1309,23.4,233,4.2,216,3.9,206,3.7,210,3.8,139,2.5,5591,353,6.4,284,5.2,281,5.1,312,5.7,343,6.3,1682,30.7,1196,21.8,232,4.2,246,4.5,227,4.1,194,3.5,125,2.3,5475,4.2,3.9,-2.1,-9.3,7.9,0.3,9.4,0.4,-12.2,-9.3,8.2,11.2,0,0,0,0,13,2,0,8,4,3,2,7,1,0,0,0,1,3,0,0,1,0,0,0,2152,2.5,2106,93.3,82,67,3,177,7.8,444,19.7,649,36,1566,38.3,1468,181,12.3,35,2.4,100,992,1079,1043,367,283,144,236,1104,50.6,1581,38.8,115,4.2,713,17.5,225,4.5,190,3.6,480,11.9,1145,28.1,0,1,0,0,0,0,0,12,1,0,0,0,0,0,0,11.8,0,1,0,0,0,0,0,0,10.1,1,0,0,0,0,24.9,1,0,0,0,0,16.3,0,1,0,0,0,0,0,14.1,20,0.39,1705,34.1,1274,25.5,1473,29.2,201,4,0,1,0,0,0,0,0,358,3.6,0,1,0,0,0,0,0,0,0,0,0,0,0,0,298,3,0,1,0,0,0,0,0,0,0,0,0,0,0,0,0,0,0,278,2.8,0,1,0,0,0,0,0,0,0,0,0,0,0,0,256,2.6,0,1,0,0,0,0,0,0,0,0,0,0,0,0,0,0,0,0,0,172,1.7,0,1,0,0,0,0,0,0,0,292,5.8,0,1,0,0,0,0,0,0,0,0,0,0,0,164,3.3,0,1,0,0,0,0,0,0,0,0,0,0,0,0,0,0,157,3.1,0,1,0,0,0,0,0,0,0,0,0,0,0,0,0,0,0,132,2.6,1,0,0,0,0,0,0,0,0,0,0,0,0,0,0,0,0,0,79,1.6,1398,0,1,0,0,0,0,0,0,0,0,0,0,0,0,4,3,63,0,1,0,0,0,0,0,0,7,6,1329,0,1,0,0,0,0,0,0,0,0,7,6,338,25.4,714,53.8,1
1,0,0,4,1,0,0,0,0,0,0,0,0,0,0,0,0,0,0,0,2,1,0,0,0,0,0,0,0,0,0,0,0,5417.9,5,3,0,0,1,0,0,0,0,0,0,0,0,0,0,1,0,0,0,0,0,0,0,0,1,0,0,0,0,0,0,2.4,0,0,0,0,1,0,0,0,0,0,0.07,2.7,0.37,15.4,1.42,59.6,0,0,0.53,22.3,527,4.1,421,3.3,424,3.3,756,5.8,2133,16.5,5619,43.4,2102,16.2,287,2.2,252,1.9,183,1.4,133,1,106,0.8,12943,400,3.6,316,2.9,380,3.4,757,6.8,2095,18.9,4537,40.9,1714,15.5,254,2.3,231,2.1,182,1.6,107,1,112,1,11083,31.7,33.1,11.6,-0.1,1.8,23.8,22.6,13.2,9.2,0.7,24.5,-5,0,1,1,0,13,3,1,4,4,8,10,11,2,0,39,0,2,2,1,0,1,0,0,0,4955,2.4,5291,88.5,835,1870,31.3,1664,27.8,806,13.5,1586,38.2,3732,40.4,2273,344,15.1,47,2.1,100,414,1104,959,423,414,348,2048,4378,76,1755,19.2,579,9,2000,21.9,340,3.3,157,1.3,758,8.3,1428,15.6,1,0,0,0,0,0,0,17.5,1,0,0,0,0,0,0,14,1,0,0,0,0,0,0,0,9.6,1,0,0,0,0,43,1,0,0,0,0,13,1,0,0,0,0,0,0,12,43,0.41,4815,46.1,3832,36.7,4298,41,812,7.7,0,0,1,0,0,0,0,1722,8.2,0,0,1,0,0,0,0,0,0,0,0,0,0,0,826,4,0,0,1,0,0,0,0,0,0,0,0,0,0,0,0,0,0,624,3,0,0,1,0,0,0,0,0,0,0,0,0,0,0,600,2.9,0,1,0,0,0,0,0,0,0,0,0,0,0,0,0,0,0,0,0,582,2.8,0,0,1,0,0,0,0,0,0,964,9.2,0,0,1,0,0,0,0,0,0,0,0,0,0,615,5.9,0,0,1,0,0,0,0,0,0,0,0,0,0,0,0,0,442,4.2,0,0,1,0,0,0,0,0,0,0,0,0,0,0,0,0,0,281,2.7,1,0,0,0,0,0,0,0,0,0,0,0,0,0,0,0,0,0,233,2.2,3351,0,0,1,0,0,0,0,0,0,0,0,0,0,0,2,2,223,1,0,0,0,0,0,0,0,2,1,2694,1,0,0,0,0,0,0,0,0,0,2,2,592,22,1699,63.1,2
1,0,0,4,1,0,0,0,0,0,0,0,0,0,0,0,0,0,0,0,6,0,0,1,0,0,0,0,0,0,0,0,0,2848.7,9,7,0,0,0,1,0,0,0,0,0,0,0,0,0,0,0,1,0,0,0,0,0,0,0,0,1,0,0,0,0,5,0,0,0,0,1,0,0,0,0,0,0.41,8.3,0.35,7.1,2.12,42.7,0,0,2.08,41.9,849,6,496,3.5,356,2.5,550,3.9,1665,11.8,6195,43.8,2604,18.4,356,2.5,312,2.2,237,1.7,256,1.8,273,1.9,14149,667,5.5,499,4.1,451,3.7,542,4.5,1494,12.4,4741,39.2,2220,18.4,393,3.2,310,2.6,301,2.5,229,1.9,244,2,12091,27.3,-0.5,-21.1,1.5,11.5,30.7,17.3,-9.3,0.6,-21.3,11.8,11.9,3,3,6,0,85,4,9,15,13,23,6,22,10,153,182,0,2,5,2,0,0,1,0,0,5288,2.5,5606,92,645,719,11.8,1277,21,1048,17.2,1981,44.3,4453,44.7,2798,375,13.4,78,2.8,98.5,756,1059,939,474,430,475,1408,3426,63.6,2935,29.8,591,8.9,1516,15.4,713,6.2,213,1.6,930,9.5,2017,20.4,0,0,1,0,0,0,0,11,1,0,0,0,0,0,0,10,0,0,1,0,0,0,0,0,9.9,1,0,0,0,0,27.7,1,0,0,0,0,14.5,0,0,1,0,0,0,0,12.1,48,0.42,6084,52.9,5206,45.3,6203,54,1469,12.8,0,0,0,1,0,0,0,2500,10.9,0,0,0,1,0,0,0,0,0,0,0,0,0,0,1928,8.4,0,0,0,1,0,0,0,0,0,0,0,0,0,0,0,0,0,1306,5.7,0,0,0,1,0,0,0,0,0,0,0,0,0,0,552,2.4,0,1,0,0,0,0,0,0,0,0,0,0,0,0,0,0,0,0,0,436,1.9,0,0,0,1,0,0,0,0,0,1577,13.7,0,0,0,1,0,0,0,0,0,0,0,0,0,578,5,0,0,0,1,0,0,0,0,0,0,0,0,0,0,0,0,405,3.5,0,0,0,1,0,0,0,0,0,0,0,0,0,0,0,0,0,288,2.5,0,1,0,0,0,0,0,0,0,0,0,0,0,0,0,0,0,0,283,2.5,3948,1,0,0,0,0,0,0,0,0,0,0,0,0,0,2,2,294,1,0,0,0,0,0,0,0,7,6,4253,1,0,0,0,0,0,0,0,0,0,7,6,878,20.6,2720,64,2
0,1,0,2,0,0,1,0,0,0,0,0,0,0,0,0,0,0,0,0,25,0,0,0,1,0,0,0,0,0,0,0,0,3525.5,28,34,0,0,0,0,1,0,0,0,0,0,0,0,0,0,0,0,1,0,0,0,0,0,0,0,0,1,0,0,0,8.6,0,0,0,0,0,0,1,0,0,0,0.1,1.2,0.11,1.3,7.01,81.9,0,0,1.34,15.7,1996,6.6,1654,5.5,1457,4.8,1630,5.4,2261,7.5,10110,33.5,6600,21.9,1319,4.4,1043,3.5,820,2.7,665,2.2,628,2.1,30183,1721,6.3,1575,5.8,1579,5.8,1620,6,2105,7.7,8004,29.5,6593,24.3,1121,4.1,978,3.6,800,2.9,634,2.3,449,1.7,27179,15.9,5,-7.7,0.6,7.4,26.3,0.1,17.7,6.7,2.5,4.9,40,1,2,0,0,11,0,0,4,6,11,2,6,7,354,166,118,4,5,1,0,2,0,0,0,11293,2.5,10538,94.3,710,1006,9,1264,11.3,2813,25.2,4938,53.6,10684,49.6,7439,1356,18.2,256,3.4,100,760,955,880,1732,1548,901,1106,3286,39,9716,45.9,1224,9.7,2378,11.1,1961,7.3,547,1.9,2279,10.8,5222,24.3,0,0,0,1,0,0,0,22.3,1,0,0,0,0,0,0,11.2,0,0,1,0,0,0,0,0,10.4,0,1,0,0,0,17.6,0,1,0,0,0,15.2,0,0,0,1,0,0,0,14.5,117,0.44,16151,60.1,14710,54.8,16484,61.3,4175,15.5,0,0,0,0,1,0,0,4806,8.9,1,0,0,0,0,0,0,0,0,0,0,0,0,0,4600,8.5,0,0,0,0,1,0,0,0,0,0,0,0,0,0,0,0,0,2968,5.5,0,0,0,0,1,0,0,0,0,0,0,0,0,0,2454,4.6,0,0,1,0,0,0,0,0,0,0,0,0,0,0,0,0,0,0,0,1132,2.1,0,0,0,1,0,0,0,0,0,2977,11.1,0,0,0,0,1,0,0,0,0,0,0,0,0,1522,5.6,0,0,0,0,1,0,0,0,0,0,0,0,0,0,0,0,996,3.7,0,0,0,0,1,0,0,0,0,0,0,0,0,0,0,0,0,993,3.7,0,0,1,0,0,0,0,0,0,0,0,0,0,0,0,0,0,0,753,2.8,9362,0,0,0,1,0,0,0,0,0,0,0,0,0,0,7,5,638,0,0,1,0,0,0,0,0,7,5,7251,0,0,1,0,0,0,0,0,0,0,7,5,1591,21.9,3661,50.5,2
0,1,0,1,0,0,0,1,0,0,0,0,0,0,0,0,0,0,0,0,5,0,1,0,0,0,0,0,0,0,0,0,0,7020.3,9,6,0,0,0,0,0,1,0,0,0,0,0,0,0,0,0,0,0,1,0,0,0,0,0,1,0,0,0,0,0,1.1,0,0,0,0,0,1,0,0,0,0,0.17,14.9,0,0,0.75,67.7,0,0,0.19,17.4,293,3.8,166,2.1,108,1.4,136,1.7,744,9.5,3821,49,1295,16.6,261,3.3,250,3.2,226,2.9,203,2.6,294,3.8,7797,267,3.6,129,1.8,135,1.8,176,2.4,735,10,3383,46.2,1256,17.1,262,3.6,208,2.8,181,2.5,184,2.5,413,5.6,7329,9.7,28.7,-20,-22.7,1.2,12.9,3.1,-0.4,20.2,24.9,10.3,-28.8,0,2,0,0,7,0,1,0,1,4,1,5,1,176,88,26,1,1,1,0,0,0,0,0,3258,2.2,3472,90.2,302,331,8.6,769,20,526,13.7,740,26.4,1477,26.4,1405,126,9,37,2.6,100,716,1121,1042,180,104,161,589,2499,68,1195,21.4,189,4.3,946,16.9,303,4.9,153,2.2,495,9,887,15.9,1,0,0,0,0,0,0,17.4,1,0,0,0,0,0,0,10.3,0,0,1,0,0,0,0,0,9,1,0,0,0,0,39.5,0,0,1,0,0,16.8,0,0,0,0,1,0,0,13,34,0.55,2211,35.8,1439,23.3,1607,26,330,5.3,0,0,0,0,0,1,0,558,4.5,0,0,0,0,1,0,0,0,0,0,0,0,0,0,530,4.3,0,0,0,0,0,1,0,0,0,0,0,0,0,0,0,0,0,490,4,0,0,0,0,0,1,0,0,0,0,0,0,0,0,246,2,0,0,0,1,0,0,0,0,0,0,0,0,0,0,0,0,0,0,0,236,1.9,0,1,0,0,0,0,0,0,0,406,6.6,0,0,0,1,0,0,0,0,0,0,0,0,0,155,2.5,0,0,0,0,0,1,0,0,0,0,0,0,0,0,0,0,117,1.9,0,0,0,0,0,1,0,0,0,0,0,0,0,0,0,0,0,97,1.6,0,0,1,0,0,0,0,0,0,0,0,0,0,0,0,0,0,0,83,1.3,1790,0,0,0,0,1,0,0,0,0,0,0,0,0,0,4,2,57,1,0,0,0,0,0,0,0,11,8,1834,0,0,0,1,0,0,0,0,0,0,4,2,238,13,1055,57.5,1
0,1,0,1,0,0,0,0,1,0,0,0,0,0,0,0,0,0,0,0,5,0,0,0,1,0,0,0,0,0,0,0,0,6545.5,9,6,0,0,0,0,0,1,0,0,0,0,0,0,0,0,0,0,0,1,0,0,0,0,0,1,0,0,0,0,0,1.9,0,0,0,0,0,1,0,0,0,0,0.27,14.2,0,0,1.36,71.6,0,0,0.27,14.1,544,4.4,363,2.9,270,2.2,304,2.4,1259,10.1,6177,49.7,2153,17.3,340,2.7,333,2.7,270,2.2,201,1.6,227,1.8,12441,515,4.5,280,2.4,254,2.2,308,2.7,1129,9.8,5475,47.7,2063,18,394,3.4,321,2.8,324,2.8,231,2,187,1.6,11481,5.6,29.6,6.3,-1.3,11.5,12.8,4.4,-13.7,3.7,-16.7,-13,21.4,0,2,1,0,22,9,0,7,4,15,3,15,3,90,50,0,0,1,0,1,0,1,1,0,5381,2.1,5710,89.5,311,428,6.7,1179,18.5,796,12.5,1142,24.5,2282,25.3,2474,252,10.2,45,1.8,100,659,1132,1060,347,220,206,938,4223,70,1837,20.2,292,4.2,1704,18.7,466,4.6,207,1.9,859,9.5,1563,17.2,1,0,0,0,0,0,0,18.3,1,0,0,0,0,0,0,11.1,0,0,1,0,0,0,0,0,8.7,1,0,0,0,0,40.3,0,0,1,0,0,17.7,0,0,0,0,1,0,0,13.9,16,0.16,3359,33,2082,20.4,2252,22.1,494,4.8,0,1,0,0,0,0,0,990,4.9,0,0,0,0,0,1,0,0,0,0,0,0,0,0,814,4,0,0,0,0,0,1,0,0,0,0,0,0,0,0,0,0,0,778,3.8,0,0,0,0,0,1,0,0,0,0,0,0,0,0,354,1.7,0,0,0,1,0,0,0,0,0,0,0,0,0,0,0,0,0,0,0,294,1.4,0,1,0,0,0,0,0,0,0,711,7,0,0,0,1,0,0,0,0,0,0,0,0,0,179,1.8,0,0,0,1,0,0,0,0,0,0,0,0,0,0,0,0,138,1.4,0,1,0,0,0,0,0,0,0,0,0,0,0,0,0,0,0,135,1.3,0,0,0,1,0,0,0,0,0,0,0,0,0,0,0,0,0,0,120,1.2,2884,0,0,0,0,1,0,0,0,0,0,0,0,0,0,4,2,91,1,0,0,0,0,0,0,0,11,9,2934,0,0,0,1,0,0,0,0,0,0,4,2,376,12.8,1687,57.5,1
1,0,0,4,0,0,0,0,0,1,0,0,0,0,0,0,0,0,0,0,3,0,0,0,0,1,0,0,0,0,0,0,0,1652.3,5,4,0,0,1,0,0,0,0,0,0,0,0,0,0,1,0,0,0,0,0,0,0,0,1,0,0,0,0,0,0,4,0,0,0,0,1,0,0,0,0,0,0.07,1.8,0.15,3.7,0.67,16.4,0,0,3.16,78,159,2.4,117,1.7,106,1.6,1155,17.3,1818,27.2,1770,26.5,828,12.4,235,3.5,122,1.8,99,1.5,99,1.5,182,2.7,6690,117,2.1,83,1.5,85,1.5,1242,21.8,1634,28.7,1464,25.7,687,12.1,108,1.9,81,1.4,59,1,66,1.2,62,1.1,5687,35.4,40.6,24.7,-7,11.3,20.9,20.5,117.6,50.6,67.8,50,193.5,4,2,0,0,9,2,1,1,4,6,1,25,2,71,191,0,0,0,1,0,1,0,0,0,1648,3.8,1715,87.2,3490,79,4,359,18.3,123,6.3,366,26.4,2959,55.4,827,78,9.4,14,1.7,96.9,1000,1122,1053,139,140,52,2655,2141,80.4,617,11.5,397,12.2,1959,36.6,290,5,35,0.6,407,7.6,661,12.3,0,0,0,0,1,0,0,19.7,0,1,0,0,0,0,0,14.7,0,0,0,1,0,0,0,0,14.2,1,0,0,0,0,43.3,0,0,0,1,0,13.3,0,0,0,0,1,0,0,13,27,0.47,2227,38.7,1661,28.9,1649,28.7,197,3.4,0,0,1,0,0,0,0,724,6.3,0,0,1,0,0,0,0,0,0,0,0,0,0,0,650,5.6,1,0,0,0,0,0,0,0,0,0,0,0,0,0,0,0,0,376,3.3,1,0,0,0,0,0,0,0,0,0,0,0,0,0,266,2.3,0,0,0,0,1,0,0,0,0,0,0,0,0,0,0,0,0,0,0,224,1.9,0,0,1,0,0,0,0,0,0,483,8.4,0,0,1,0,0,0,0,0,0,0,0,0,0,239,4.2,0,0,0,0,0,0,1,0,0,0,0,0,0,0,0,0,102,1.8,0,0,0,0,0,0,1,0,0,0,0,0,0,0,0,0,0,80,1.4,0,0,0,1,0,0,0,0,0,0,0,0,0,0,0,0,0,0,60,1,634,0,0,1,0,0,0,0,0,0,0,0,0,0,0,3,2,56,1,0,0,0,0,0,0,0,3,2,1392,1,0,0,0,0,0,0,0,0,0,3,2,306,22,878,63.1,2
0,1,0,1,0,0,0,0,0,0,1,0,0,0,0,0,0,0,0,0,4,0,0,0,1,0,0,0,0,0,0,0,0,5853.9,7,4,0,0,0,0,0,1,0,0,0,0,0,0,0,0,0,0,0,1,0,0,0,0,0,1,0,0,0,0,0,3.6,0,0,0,0,0,1,0,0,0,0,0.35,9.6,0,0,2.14,58.5,0,0,1.16,31.9,753,3.5,506,2.4,442,2.1,694,3.2,2105,9.9,10472,49,3849,18,834,3.9,612,2.9,435,2,380,1.8,280,1.3,21362,664,3.5,401,2.1,387,2.1,786,4.2,2152,11.5,8528,45.4,3794,20.2,675,3.6,467,2.5,447,2.4,272,1.5,205,1.1,18779,13.4,26.1,14.2,-11.7,-2.2,22.8,1.5,23.6,30.9,-2.7,39.5,36.3,0,0,0,0,21,14,0,9,2,7,3,26,5,0,0,0,3,2,1,2,1,0,0,0,9449,2,10131,86.9,738,976,8.4,2264,19.4,1068,9.2,1724,20.7,3752,23.8,4231,370,8.7,98,2.3,100,535,1154,1070,497,591,301,1778,8334,75,2633,16.7,561,4.6,3261,20.7,470,2.7,377,2,1413,9,2445,15.5,1,0,0,0,0,0,0,20.4,1,0,0,0,0,0,0,10.7,0,0,0,0,1,0,0,0,9.4,1,0,0,0,0,44.7,0,0,1,0,0,18.1,0,0,0,0,1,0,0,13,74,0.43,6476,37.5,4023,23.3,4037,23.3,577,3.3,0,1,0,0,0,0,0,1756,5.1,0,0,0,0,0,0,1,0,0,0,0,0,0,0,1392,4,0,0,0,0,0,0,1,0,0,0,0,0,0,0,0,0,0,968,2.8,0,0,0,0,0,1,0,0,0,0,0,0,0,0,760,2.2,0,0,0,0,0,1,0,0,0,0,0,0,0,0,0,0,0,0,0,490,1.4,0,0,1,0,0,0,0,0,0,491,2.8,0,0,0,0,0,1,0,0,0,0,0,0,0,395,2.3,0,0,0,1,0,0,0,0,0,0,0,0,0,0,0,0,329,1.9,0,0,0,0,0,0,0,1,0,0,0,0,0,0,0,0,0,290,1.7,0,0,0,1,0,0,0,0,0,0,0,0,0,0,0,0,0,0,205,1.2,3879,0,0,0,0,1,0,0,0,0,0,0,0,0,0,3,2,169,1,0,0,0,0,0,0,0,9,7,4903,0,0,0,1,0,0,0,0,0,0,3,2,722,14.7,2875,58.6,2
0,1,0,5,0,0,0,0,0,0,0,1,0,0,0,0,0,0,0,0,62,0,0,0,0,0,1,0,0,0,0,0,0,212.4,83,107,0,0,0,0,0,0,1,0,0,0,0,0,0,0,0,0,0,0,1,0,0,0,0,0,0,0,1,0,0,7,0,0,0,0,0,1,0,0,0,0,0.08,1.2,0.03,0.4,4.33,61.8,0,0,2.57,36.7,38,2.6,64,4.3,47,3.2,40,2.7,36,2.4,189,12.7,426,28.6,214,14.4,172,11.5,118,7.9,91,6.1,55,3.7,1490,43,2.8,47,3,49,3.2,55,3.5,50,3.2,206,13.3,506,32.6,188,12.1,153,9.9,107,6.9,86,5.5,62,4,1552,-11.6,36.2,-4.1,-27.3,-28,-8.3,-15.8,13.8,12.4,10.3,5.8,-11.3,0,0,0,0,2,0,0,0,0,1,0,0,1,0,34,0,1,2,0,0,0,0,0,0,605,2.4,634,21.8,63,0,0,31,1.1,145,5,211,41.4,457,37.4,376,26,6.9,0,0,57.2,1017,1076,1053,51,36,5,38,312,46.5,556,45.6,11,2.2,365,29.8,120,8.8,73,5,204,16.6,294,24,0,0,0,0,0,1,0,13.7,0,0,1,0,0,0,0,13.2,0,0,0,0,0,1,0,0,12.2,1,0,0,0,0,22.1,0,0,1,0,0,20.2,0,1,0,0,0,0,0,15.7,0,0,203,14.9,88,6.5,65,4.7,0,0,0,1,0,0,0,0,0,162,6,0,0,0,0,0,0,0,1,0,0,0,0,0,0,52,1.9,0,0,0,0,0,0,0,1,0,0,0,0,0,0,0,0,0,32,1.2,0,0,0,0,0,0,1,0,0,0,0,0,0,0,20,0.7,0,1,0,0,0,0,0,0,0,0,0,0,0,0,0,0,0,0,0,20,0.7,1,0,0,0,0,0,0,0,0,35,2.6,0,0,0,0,0,0,1,0,0,0,0,0,0,5,0.4,0,0,0,0,0,0,0,1,0,0,0,0,0,0,0,0,5,0.4,0,0,0,0,0,0,0,0,1,0,0,0,0,0,0,0,0,5,0.4,0,0,0,1,0,0,0,0,0,0,0,0,0,0,0,0,0,0,0,0,247,0,0,0,0,0,1,0,0,0,0,0,0,0,0,18,15,8,0,0,0,1,0,0,0,0,46,53,590,0,0,0,0,1,0,0,0,0,0,18,15,158,26.8,284,48.1,0
0,0,1,2,0,0,0,0,0,0,0,0,1,0,0,0,0,0,0,0,28,0,0,0,0,0,0,1,0,0,0,0,0,1730.1,29,34,0,0,0,0,0,0,0,1,0,0,0,0,0,0,0,0,0,0,0,1,0,0,0,0,0,0,0,1,0,14.2,0,0,0,0,0,0,0,1,0,0,0.23,1.6,0.41,2.9,10.37,73.1,0.04,0.3,3.15,22.2,1601,6.5,1309,5.3,1197,4.9,1360,5.5,1607,6.5,7119,29,5805,23.6,1227,5,972,4,798,3.2,772,3.1,790,3.2,24557,1325,5.9,1191,5.3,1243,5.5,1361,6,1628,7.2,6098,26.9,5741,25.3,1063,4.7,825,3.6,850,3.8,673,3,649,2.9,22648,20.8,9.9,-3.7,-0.1,-1.3,16.7,1.1,15.4,17.8,-6.1,14.7,21.8,0,1,0,0,30,8,0,7,9,9,0,9,8,132,179,45,10,5,2,0,0,0,0,0,10020,2.4,9694,93,439,461,4.4,716,6.9,1941,18.6,3287,38.3,6728,37.1,6379,995,15.6,208,3.3,100,884,1143,1018,1556,1265,572,718,3275,35.9,9152,50.6,544,4.6,3437,18.8,1278,5.6,888,3.8,2220,12.2,5361,29.2,0,0,0,0,0,1,0,13.2,0,0,0,1,0,0,0,13.1,0,0,0,0,0,1,0,0,11.2,1,0,0,0,0,20.9,0,1,0,0,0,16.8,0,0,0,0,1,0,0,16.8,118,0.52,4925,21.8,2673,11.8,2516,11.1,577,2.5,0,1,0,0,0,0,0,2674,5.9,0,0,0,0,0,0,0,0,1,0,0,0,0,0,704,1.6,0,0,0,0,0,1,0,0,0,0,0,0,0,0,0,0,0,610,1.4,0,0,0,0,0,1,0,0,0,0,0,0,0,0,546,1.2,0,0,0,1,0,0,0,0,0,0,0,0,0,0,0,0,0,0,0,546,1.2,0,0,1,0,0,0,0,0,0,302,1.3,0,0,0,0,0,0,0,1,0,0,0,0,0,155,0.7,0,0,0,0,0,0,0,0,1,0,0,0,0,0,0,0,147,0.6,0,0,0,0,0,0,0,0,0,1,0,0,0,0,0,0,0,142,0.6,0,0,0,0,1,0,0,0,0,0,0,0,0,0,0,0,0,0,139,0.6,5781,0,0,0,0,0,0,1,0,0,0,0,0,0,0,5,4,318,0,0,0,0,1,0,0,0,11,9,6150,0,0,0,0,0,1,0,0,0,0,5,4,1755,28.5,3062,49.8,1
0,1,0,5,0,0,0,0,0,0,0,0,1,0,0,0,0,0,0,0,68,0,0,0,0,0,0,0,1,0,0,0,0,289.3,73,101,0,0,0,0,0,0,1,0,0,0,0,0,0,0,0,0,0,0,1,0,0,0,0,0,0,0,1,0,0,3.1,0,0,0,0,0,1,0,0,0,0,0,0,0,0,1.82,59.1,0.01,0.2,1.25,40.7,68,7.6,52,5.8,67,7.5,52,5.8,28,3.1,242,27.2,298,33.4,32,3.6,31,3.5,10,1.1,6,0.7,5,0.6,891,61,7.6,62,7.7,81,10.1,65,8.1,26,3.3,238,29.6,193,24.1,35,4.3,18,2.3,10,1.2,13,1.6,1,0.1,804,11.5,-16.2,-17.4,-19.7,5.8,1.6,54.2,-7.5,71.2,-0.4,-53.8,400,0,0,0,0,0,0,0,0,0,0,0,0,0,0,0,0,0,0,0,0,0,0,0,0,312,2.7,317,50.5,0,0,0,0,0,43,6.8,91,35.1,234,37.9,233,25,10.7,5,2.1,29.8,1046,1078,1061,77,56,24,18,127,36.2,291,46.6,15,3.3,142,22.8,16,2,0,0,70,11.1,230,36.8,0,0,0,0,0,0,1,20.5,0,0,1,0,0,0,0,11.3,0,0,0,0,0,0,1,0,10.4,0,0,1,0,0,22,0,0,0,0,1,21.3,1,0,0,0,0,0,0,13.6,0,0,116,14.5,54,6.8,41,5,0,0,0,1,0,0,0,0,0,72,4.5,0,0,0,0,0,0,0,0,0,1,0,0,0,0,26,1.6,0,0,0,0,0,1,0,0,0,0,0,0,0,0,0,0,0,22,1.4,0,0,0,0,0,0,0,1,0,0,0,0,0,0,18,1.1,0,0,0,0,0,0,1,0,0,0,0,0,0,0,0,0,0,0,0,18,1.1,0,1,0,0,0,0,0,0,0,11,1.4,0,0,0,0,0,0,0,1,0,0,0,0,0,6,0.7,0,0,0,0,0,0,0,1,0,0,0,0,0,0,0,0,0,0,0,0,0,0,0,0,0,0,0,0,1,0,0,0,0,0,0,0,0,0,0,0,0,1,0,0,0,0,0,0,0,0,0,0,0,0,0,0,0,242,0,0,0,0,0,1,0,0,0,0,0,0,0,0,12,12,10,0,0,0,1,0,0,0,0,37,48,353,0,0,0,0,1,0,0,0,0,0,12,12,95,26.8,170,48.1,2
0,1,0,2,0,0,0,0,0,1,0,0,0,0,0,0,0,0,0,0,24,0,1,0,0,0,0,0,0,0,0,0,0,1814.2,27,25,0,1,0,0,0,0,0,0,0,0,0,0,0,0,1,0,0,0,0,0,0,0,0,1,0,0,0,0,0,4.4,0,0,0,0,0,1,0,0,0,0,0.05,1.1,0.86,19.4,2.09,47.5,0,0,1.41,32,558,7,508,6.4,389,4.9,420,5.3,464,5.8,2541,31.8,1985,24.9,293,3.7,206,2.6,190,2.4,193,2.4,235,2.9,7982,581,7.8,445,5.9,383,5.1,400,5.3,423,5.6,2474,33,1713,22.9,224,3,226,3,236,3.2,197,2.6,187,2.5,7489,-3.9,14.2,1.6,5.1,9.7,2.7,15.9,30.6,-8.7,-19.6,-2.2,25.6,0,0,0,0,9,1,1,1,4,2,1,1,1,30,138,0,3,2,1,0,0,0,0,0,3084,2.4,3090,92.4,157,214,6.4,284,8.5,504,15.1,868,32.7,1948,34.9,1964,249,12.7,45,2.3,99.7,978,1126,1052,593,440,169,281,1469,46.5,2154,38.6,172,4.3,1006,17.8,379,5.3,199,2.6,623,11,1783,31.4,0,0,0,1,0,0,0,12.1,1,0,0,0,0,0,0,10.6,0,0,0,1,0,0,0,0,9.7,1,0,0,0,0,26.8,1,0,0,0,0,17.1,1,0,0,0,0,0,0,15,29,0.4,1876,26.2,1058,14.8,1284,17.8,203,2.8,0,1,0,0,0,0,0,880,6.1,0,0,0,0,0,0,1,0,0,0,0,0,0,0,244,1.7,0,0,0,1,0,0,0,0,0,0,0,0,0,0,0,0,0,236,1.6,0,0,0,0,0,0,0,0,1,0,0,0,0,0,210,1.5,0,0,0,1,0,0,0,0,0,0,0,0,0,0,0,0,0,0,0,200,1.4,0,1,0,0,0,0,0,0,0,298,4.1,0,0,0,1,0,0,0,0,0,0,0,0,0,134,1.9,0,0,0,0,0,0,1,0,0,0,0,0,0,0,0,0,127,1.8,0,0,0,0,0,0,0,1,0,0,0,0,0,0,0,0,0,122,1.7,0,0,0,0,1,0,0,0,0,0,0,0,0,0,0,0,0,0,32,0.4,1153,0,0,0,0,0,0,0,1,0,0,0,0,0,0,10,9,52,0,1,0,0,0,0,0,0,10,9,1897,0,1,0,0,0,0,0,0,0,0,10,9,482,25.4,1020,53.8,1
0,1,0,5,0,0,0,0,0,0,0,0,0,1,0,0,0,0,0,0,49,0,1,0,0,0,0,0,0,0,0,0,0,749.1,46,63,0,0,0,0,0,0,1,0,0,0,0,0,0,0,0,0,0,0,1,0,0,0,0,0,0,0,1,0,0,13.9,0,0,0,0,0,1,0,0,0,0,0.15,1.1,0.39,2.8,8.11,58.5,3.84,27.7,1.37,9.9,669,6.4,723,7,745,7.2,782,7.5,762,7.3,2600,25,2744,26.4,428,4.1,269,2.6,250,2.4,193,1.9,223,2.1,10388,723,7.1,784,7.7,820,8,853,8.4,731,7.2,2833,27.8,2376,23.3,266,2.6,233,2.3,224,2.2,193,1.9,150,1.5,10189,-7.5,-7.8,-9.2,-8.4,4.2,-8.2,15.5,60.8,15.3,11.6,0,48.3,0,0,0,0,7,4,0,1,0,4,0,1,1,50,50,0,2,3,1,0,0,0,0,0,3818,2.6,3671,94.8,98,118,3,163,4.2,586,15.1,1117,35.4,2782,37.2,2816,397,14.1,57,2,31.2,934,1120,1029,957,763,270,241,796,22.7,4504,59.5,232,4.3,1248,16.5,447,4.6,225,2.2,905,12,2565,33.8,0,0,0,0,0,0,1,14.4,0,0,0,1,0,0,0,13.5,0,0,1,0,0,0,0,0,12.8,0,0,1,0,0,21.3,1,0,0,0,0,14.7,0,0,0,0,0,1,0,14.2,62,0.63,1477,15.2,369,3.8,258,2.6,15,0.2,0,1,0,0,0,0,0,1586,8.1,0,0,0,0,0,0,0,0,0,0,1,0,0,0,264,1.4,0,0,0,0,0,1,0,0,0,0,0,0,0,0,0,0,0,256,1.3,0,0,0,0,0,0,0,0,0,1,0,0,0,0,134,0.7,0,0,0,0,0,0,0,1,0,0,0,0,0,0,0,0,0,0,0,130,0.7,1,0,0,0,0,0,0,0,0,43,0.4,0,0,0,0,0,0,0,0,1,0,0,0,0,34,0.3,0,0,0,0,0,0,0,0,1,0,0,0,0,0,0,0,34,0.3,0,0,0,0,0,0,0,0,0,0,0,1,0,0,0,0,0,17,0.2,0,0,0,0,0,1,0,0,0,0,0,0,0,0,0,0,0,0,15,0.2,2135,0,0,0,0,0,0,0,0,1,0,0,0,0,0,10,10,122,0,0,0,1,0,0,0,0,10,10,2356,0,0,0,0,0,0,1,0,0,0,10,10,698,29.6,918,39,1
0,1,0,1,0,0,0,0,1,0,0,0,0,0,0,0,0,0,0,0,8,0,0,0,1,0,0,0,0,0,0,0,0,3686.4,12,12,0,0,0,0,0,1,0,0,0,0,0,0,0,0,0,0,0,1,0,0,0,0,0,1,0,0,0,0,0,2.7,0,0,0,0,0,1,0,0,0,0,0.13,4.7,0,0,2.31,84,0,0,0.31,11.3,590,5.8,653,6.4,567,5.6,504,5,767,7.6,2863,28.2,2534,25,508,5,370,3.7,322,3.2,217,2.1,241,2.4,10136,629,6.7,546,5.8,480,5.1,575,6.1,810,8.6,2677,28.4,2305,24.4,397,4.2,351,3.7,268,2.8,226,2.4,177,1.9,9441,-6.2,19.6,18.1,-12.4,-5.3,7,9.9,27.9,5.6,20.3,-4,36.3,0,4,0,0,12,7,0,8,4,6,0,11,5,52,61,0,0,2,0,2,0,0,0,0,3739,2.5,3733,91.6,337,21,0.5,306,7.5,423,10.4,611,19.1,2078,28.7,2414,221,9.2,38,1.6,100,1059,1147,1103,786,584,92,701,3559,73.2,1473,20.1,205,4.1,1795,24.8,295,3.3,285,3,949,13.1,2185,29.9,1,0,0,0,0,0,0,17.2,1,0,0,0,0,0,0,14.8,0,0,1,0,0,0,0,0,9.9,1,0,0,0,0,40.9,0,0,1,0,0,19.9,0,0,0,0,1,0,0,13.2,0,0,2333,25.7,1553,17.1,1602,17.6,213,2.3,0,0,0,0,1,0,0,634,3.5,0,0,0,0,1,0,0,0,0,0,0,0,0,0,610,3.4,0,0,0,0,0,1,0,0,0,0,0,0,0,0,0,0,0,372,2.1,0,0,0,0,0,1,0,0,0,0,0,0,0,0,350,1.9,0,0,0,0,0,0,0,0,1,0,0,0,0,0,0,0,0,0,0,318,1.8,0,1,0,0,0,0,0,0,0,366,4,0,0,0,1,0,0,0,0,0,0,0,0,0,190,2.1,0,0,0,0,0,0,1,0,0,0,0,0,0,0,0,0,123,1.4,1,0,0,0,0,0,0,0,0,0,0,0,0,0,0,0,0,89,1,0,0,0,0,0,0,1,0,0,0,0,0,0,0,0,0,0,0,86,0.9,1132,0,0,0,0,0,0,0,0,0,1,0,0,0,0,5,4,33,0,0,0,0,0,1,0,0,14,12,792,0,0,0,1,0,0,0,0,0,0,7,5,155,19.6,406,51.2,1
0,1,0,1,0,0,0,0,0,0,0,0,0,0,1,0,0,0,0,0,13,0,0,0,1,0,0,0,0,0,0,0,0,3622,17,16,0,0,0,0,0,0,0,0,1,0,0,0,0,0,0,0,0,1,0,0,0,0,0,1,0,0,0,0,0,2.5,0,0,0,0,0,1,0,0,0,0,0.04,1.5,0.03,1.2,2.11,83.7,0,0,0.34,13.6,585,6.4,545,6,434,4.8,416,4.6,702,7.7,3206,35.2,2138,23.5,268,2.9,205,2.3,203,2.2,172,1.9,234,2.6,9108,584,6.6,445,5,432,4.9,454,5.1,688,7.8,3124,35.4,1928,21.8,251,2.8,241,2.7,253,2.9,207,2.3,219,2.5,8826,0.2,22.5,0.5,-8.4,2,2.6,10.9,6.8,-14.9,-19.8,-16.9,6.8,0,0,0,0,5,0,0,2,1,0,0,1,2,104,20,0,1,2,0,0,0,0,0,0,3673,2.3,3579,92.7,87,74,1.9,432,11.2,576,14.9,956,30.1,2265,33.4,2252,204,9.1,40,1.8,100,1009,1121,1073,635,448,146,626,2735,65.5,1840,27.2,219,4.5,1278,19,321,3.9,225,2.6,783,11.7,1946,28.8,1,0,0,0,0,0,0,12.5,0,0,0,0,1,0,0,10.8,0,0,1,0,0,0,0,0,10.6,1,0,0,0,0,33.1,1,0,0,0,0,17.3,1,0,0,0,0,0,0,13.5,10,0.12,2832,34.2,2305,27.9,2636,31.6,370,4.4,0,0,0,0,1,0,0,1048,6.3,0,1,0,0,0,0,0,0,0,0,0,0,0,0,800,4.8,1,0,0,0,0,0,0,0,0,0,0,0,0,0,0,0,0,444,2.7,0,0,0,0,0,0,0,0,1,0,0,0,0,0,362,2.2,0,1,0,0,0,0,0,0,0,0,0,0,0,0,0,0,0,0,0,204,1.2,0,1,0,0,0,0,0,0,0,520,6.3,0,0,0,1,0,0,0,0,0,0,0,0,0,383,4.6,0,0,0,0,0,1,0,0,0,0,0,0,0,0,0,0,174,2.1,0,1,0,0,0,0,0,0,0,0,0,0,0,0,0,0,0,145,1.7,0,0,0,0,0,0,0,1,0,0,0,0,0,0,0,0,0,0,136,1.6,1692,0,1,0,0,0,0,0,0,0,0,0,0,0,0,6,4,107,0,0,0,0,0,1,0,0,9,8,1472,0,0,0,0,0,0,0,1,0,0,9,8,287,19.5,779,52.9,1
0,1,0,1,0,0,0,0,0,0,0,0,0,0,0,1,0,0,0,0,6,0,0,0,0,0,0,0,0,1,0,0,0,3195.4,9,8,0,0,0,0,0,1,0,0,0,0,0,0,0,0,0,0,0,1,0,0,0,0,0,1,0,0,0,0,0,4.3,0,0,0,0,0,1,0,0,0,0,0.07,1.7,0,0,3.8,88.1,0,0,0.44,10.2,454,3.3,510,3.7,512,3.7,697,5.1,1111,8.1,3832,27.8,3549,25.7,955,6.9,713,5.2,498,3.6,438,3.2,531,3.8,13800,482,3.5,543,3.9,643,4.7,782,5.7,1223,8.8,3638,26.3,3885,28.1,702,5.1,513,3.7,478,3.5,483,3.5,463,3.3,13835,-5.8,-6.1,-20.4,-10.8,-9.2,5.3,-8.7,36,39.1,4.2,-9.3,14.6,0,1,0,0,22,3,0,13,2,8,0,9,4,49,0,0,5,1,0,3,0,0,0,0,5747,2.2,5966,86.2,114,0,0,572,8.3,670,9.7,900,18.7,2662,25.7,3250,257,7.9,57,1.8,100,1084,1149,1110,608,684,119,977,4966,73.9,1928,18.5,308,4.5,2486,23.8,335,2.8,523,4.1,1230,11.9,2319,22.4,1,0,0,0,0,0,0,17.7,1,0,0,0,0,0,0,13.9,0,0,1,0,0,0,0,0,9.9,1,0,0,0,0,40,0,0,1,0,0,22.8,0,0,0,0,1,0,0,13.5,11,0.09,3665,30.7,2481,20.8,2238,18.7,143,1.2,0,1,0,0,0,0,0,892,3.7,0,0,0,0,0,0,1,0,0,0,0,0,0,0,604,2.5,0,0,0,0,0,0,1,0,0,0,0,0,0,0,0,0,0,576,2.4,0,0,0,0,0,1,0,0,0,0,0,0,0,0,530,2.2,0,0,0,0,0,0,0,0,0,1,0,0,0,0,0,0,0,0,0,408,1.7,0,0,1,0,0,0,0,0,0,334,2.8,0,0,1,0,0,0,0,0,0,0,0,0,0,231,1.9,1,0,0,0,0,0,0,0,0,0,0,0,0,0,0,0,194,1.6,0,1,0,0,0,0,0,0,0,0,0,0,0,0,0,0,0,151,1.3,0,0,0,0,0,0,0,1,0,0,0,0,0,0,0,0,0,0,130,1.1,1169,0,0,0,0,0,0,0,0,0,1,0,0,0,0,6,5,32,1,0,0,0,0,0,0,0,11,9,2814,0,0,0,1,0,0,0,0,0,0,6,4,376,13.4,1604,57,0
0,1,0,1,0,0,1,0,0,0,0,0,0,0,0,0,0,0,0,0,11,0,0,0,1,0,0,0,0,0,0,0,0,2795.9,14,14,0,0,0,0,0,1,0,0,0,0,0,0,0,0,0,0,0,1,0,0,0,0,0,1,0,0,0,0,0,7.6,0,0,0,0,0,1,0,0,0,0,0.44,5.7,0,0,5.35,70.7,0,0,1.78,23.5,1192,5.6,1346,6.4,1243,5.9,1286,6.1,2255,10.7,5894,27.9,5156,24.4,835,3.9,578,2.7,474,2.2,405,1.9,494,2.3,21158,1373,6.6,1316,6.3,1168,5.6,1280,6.2,1881,9,6120,29.4,4859,23.3,686,3.3,579,2.8,552,2.7,477,2.3,521,2.5,20812,-13.2,2.3,6.4,0.5,19.9,-3.7,6.1,21.7,-0.2,-14.1,-15.1,-5.2,0,1,0,0,13,11,0,5,4,5,0,7,5,90,45,46,6,4,0,0,1,0,1,0,7666,2.6,7569,92,238,79,1,795,9.7,997,12.1,1800,27.7,5563,36.3,4995,458,9.2,94,1.9,100,998,1167,1091,1711,1310,326,2103,6573,68.4,3725,24.2,549,5.2,3566,23.1,664,3.4,428,2.1,1881,12.3,4543,29.4,1,0,0,0,0,0,0,15.7,1,0,0,0,0,0,0,12.7,0,0,1,0,0,0,0,0,10.3,1,0,0,0,0,36.4,0,0,1,0,0,18.2,0,0,0,0,1,0,0,14.5,21,0.11,5552,28.9,4258,22.1,4907,25.4,583,3,0,0,1,0,0,0,0,1758,4.6,0,0,0,0,1,0,0,0,0,0,0,0,0,0,1054,2.7,0,0,0,0,0,0,1,0,0,0,0,0,0,0,0,0,0,920,2.4,0,0,0,0,0,0,0,0,1,0,0,0,0,0,802,2.1,0,1,0,0,0,0,0,0,0,0,0,0,0,0,0,0,0,0,0,550,1.4,0,1,0,0,0,0,0,0,0,1268,6.6,0,0,0,1,0,0,0,0,0,0,0,0,0,975,5,0,0,0,1,0,0,0,0,0,0,0,0,0,0,0,0,366,1.9,0,1,0,0,0,0,0,0,0,0,0,0,0,0,0,0,0,329,1.7,0,0,0,0,0,0,0,0,1,0,0,0,0,0,0,0,0,0,191,1,2293,0,1,0,0,0,0,0,0,0,0,0,0,0,0,7,6,93,0,0,0,0,0,1,0,0,9,8,1654,0,0,0,0,0,0,0,1,0,0,9,8,324,19.6,847,51.2,1
0,1,0,1,0,0,0,0,0,0,1,0,0,0,0,0,0,0,0,0,2,0,0,0,0,0,1,0,0,0,0,0,0,4318.6,5,3,0,0,0,0,0,0,0,0,0,1,0,0,0,0,0,0,0,1,0,0,0,0,0,1,0,0,0,0,0,2.5,0,0,0,0,0,1,0,0,0,0,0.51,20.8,0.01,0.5,1.11,44.9,0,0,0.83,33.8,570,5.4,364,3.4,280,2.6,327,3.1,798,7.5,4563,43,2371,22.3,429,4,289,2.7,271,2.6,178,1.7,182,1.7,10622,459,4.8,295,3.1,224,2.3,356,3.7,916,9.5,4024,41.9,2124,22.1,347,3.6,284,3,227,2.4,166,1.7,177,1.8,9600,24.2,23.3,24.8,-8.1,-12.9,13.4,11.6,23.5,1.9,19.1,7,3,0,0,1,0,23,16,6,6,5,6,4,9,4,0,118,0,2,1,0,0,1,1,0,0,4298,2.2,4528,89.3,269,1038,20.5,936,18.5,683,13.5,1130,29.8,2345,31.7,2249,259,11.5,62,2.8,100,582,1136,1022,375,254,193,662,3487,72.3,1738,23.7,259,4.9,1471,19.9,508,6,166,1.8,770,10.5,1527,20.6,1,0,0,0,0,0,0,20.1,0,0,0,0,0,1,0,9.5,0,0,0,0,0,0,1,0,9.4,1,0,0,0,0,42.2,0,0,1,0,0,20.1,0,0,0,0,1,0,0,13.4,37,0.43,3119,36.4,2002,23.4,2136,24.9,494,5.8,0,1,0,0,0,0,0,882,5.1,0,0,0,0,0,0,1,0,0,0,0,0,0,0,552,3.2,0,0,0,0,0,0,0,0,1,0,0,0,0,0,0,0,0,446,2.6,0,0,0,0,0,1,0,0,0,0,0,0,0,0,410,2.4,0,0,0,0,0,0,0,0,1,0,0,0,0,0,0,0,0,0,0,348,2,0,1,0,0,0,0,0,0,0,326,3.8,0,1,0,0,0,0,0,0,0,0,0,0,0,266,3.1,0,1,0,0,0,0,0,0,0,0,0,0,0,0,0,0,260,3,0,0,0,0,0,0,0,0,0,0,1,0,0,0,0,0,0,188,2.2,0,0,0,0,0,0,0,0,0,1,0,0,0,0,0,0,0,0,123,1.4,2242,0,0,0,0,1,0,0,0,0,0,0,0,0,0,5,3,109,1,0,0,0,0,0,0,0,7,5,2214,0,0,0,1,0,0,0,0,0,0,5,3,313,14.1,1258,56.8,2
0,1,0,1,0,0,0,1,0,0,0,0,0,0,0,0,0,0,0,0,6,0,1,0,0,0,0,0,0,0,0,0,0,6205.3,8,6,0,0,0,0,0,0,0,0,0,1,0,0,0,0,0,0,0,1,0,0,0,0,0,1,0,0,0,0,0,3.2,0,0,0,0,0,1,0,0,0,0,0.33,10.2,0,0,1.74,54.7,0,0,1.11,35.1,634,3.2,410,2.1,274,1.4,423,2.1,1895,9.6,10731,54.4,3982,20.2,520,2.6,320,1.6,233,1.2,181,0.9,125,0.6,19728,562,3.2,326,1.9,259,1.5,386,2.2,1691,9.7,9302,53.2,3486,19.9,433,2.5,316,1.8,299,1.7,235,1.3,192,1.1,17487,12.8,25.7,5.6,9.6,12.1,15.4,14.2,20.1,1.4,-22.2,-23.1,-34.9,0,1,2,0,24,12,1,6,13,17,12,16,5,0,83,28,3,2,0,1,0,0,0,0,8982,2,9829,87,870,487,4.3,2379,21,1303,11.5,1783,22.3,3231,22.1,3499,303,8.7,68,1.9,99.6,822,1114,1057,429,266,386,1231,6710,66.3,2745,18.9,623,5.2,2678,18.3,490,3.1,263,1.5,1128,7.7,2111,14.4,1,0,0,0,0,0,0,16.5,1,0,0,0,0,0,0,9.9,0,0,0,0,0,0,0,1,8.3,1,0,0,0,0,38.2,0,0,1,0,0,15.8,0,0,0,0,1,0,0,13.5,68,0.43,5948,37.4,3059,19.2,2976,18.7,363,2.3,0,1,0,0,0,0,0,2020,6.4,0,0,0,0,0,0,1,0,0,0,0,0,0,0,1542,4.9,0,0,0,0,0,0,0,0,0,1,0,0,0,0,0,0,0,1060,3.3,0,1,0,0,0,0,0,0,0,0,0,0,0,0,806,2.5,0,0,0,0,0,0,0,0,0,0,1,0,0,0,0,0,0,0,0,502,1.6,0,0,0,0,1,0,0,0,0,276,1.7,0,0,0,0,0,0,0,0,0,1,0,0,0,240,1.5,1,0,0,0,0,0,0,0,0,0,0,0,0,0,0,0,221,1.4,0,0,0,0,0,0,0,0,0,0,0,0,1,0,0,0,0,196,1.2,0,0,0,0,0,0,0,0,0,1,0,0,0,0,0,0,0,0,192,1.2,4177,0,0,0,0,1,0,0,0,0,0,0,0,0,0,4,2,152,1,0,0,0,0,0,0,0,11,8,4549,0,0,0,1,0,0,0,0,0,0,4,2,634,13.9,2627,57.8,2
0,1,0,2,0,0,0,0,0,0,0,0,0,0,0,0,1,0,0,0,27,0,1,0,0,0,0,0,0,0,0,0,0,1383,33,42,0,1,0,0,0,0,0,0,0,0,0,0,0,0,1,0,0,0,0,0,0,0,0,1,0,0,0,0,0,1.7,0,0,0,0,0,1,0,0,0,0,0,0,0,0,0.82,48.2,0,0,0.88,51.8,202,8.6,200,8.5,202,8.6,163,7,123,5.2,868,37,498,21.2,53,2.3,11,0.5,3,0.1,1,0,20,0.9,2344,63,8.9,77,11,49,7,35,4.9,39,5.5,259,36.7,163,23.1,13,1.8,3,0.5,3,0.5,1,0.1,0,0,705,220.9,158.7,310,367.1,215.4,235.6,205.8,307.7,221.5,-12.3,46.2,0,0,0,0,0,0,0,0,0,0,0,0,0,0,0,0,0,0,0,0,0,0,0,0,0,687,3.1,653,95.9,0,0,0,0,0,33,4.8,97,17.2,440,29.1,593,22,3.7,5,0.8,100,1111,1126,1115,238,187,23,95,521,59.7,449,29.4,43,3.7,223,14.7,32,1.5,0,0,174,11.4,583,38.1,0,0,0,1,0,0,0,14.3,0,0,1,0,0,0,0,11.1,0,0,0,1,0,0,0,0,10.5,1,0,0,0,0,28.7,0,0,1,0,0,20,0,0,0,0,1,0,0,17.4,0,0,964,46,741,35.4,944,44.9,122,5.8,0,0,1,0,0,0,0,220,5.3,1,0,0,0,0,0,0,0,0,0,0,0,0,0,216,5.2,1,0,0,0,0,0,0,0,0,0,0,0,0,0,0,0,0,194,4.6,0,1,0,0,0,0,0,0,0,0,0,0,0,0,170,4.1,0,0,0,0,0,0,0,0,0,0,0,1,0,0,0,0,0,0,0,148,3.5,0,0,0,1,0,0,0,0,0,142,6.7,0,0,0,1,0,0,0,0,0,0,0,0,0,130,6.2,1,0,0,0,0,0,0,0,0,0,0,0,0,0,0,0,87,4.1,1,0,0,0,0,0,0,0,0,0,0,0,0,0,0,0,0,79,3.7,0,0,0,0,0,0,0,0,0,0,1,0,0,0,0,0,0,0,74,3.5,327,0,0,0,1,0,0,0,0,0,0,0,0,0,0,13,12,15,0,0,1,0,0,0,0,0,13,12,557,0,0,1,0,0,0,0,0,0,0,13,12,142,25.4,299,53.8,3
1,0,0,4,0,0,0,0,0,1,0,0,0,0,0,0,0,0,0,0,6,0,0,0,0,0,0,0,0,0,1,0,0,4157.5,9,7,0,0,0,0,0,0,0,0,0,0,1,0,0,0,0,0,0,0,0,0,1,0,0,0,0,0,0,0,1,5.8,0,0,0,0,0,0,0,0,1,0,0.24,4,0.16,2.7,4.35,74.4,0,0,1.1,18.8,1536,6.3,1368,5.6,1030,4.2,921,3.8,1572,6.5,9557,39.3,5325,21.9,767,3.2,693,2.8,616,2.5,459,1.9,472,1.9,24316,1572,6.9,1138,5,910,4,847,3.7,1552,6.9,9272,41,4550,20.1,726,3.2,691,3.1,572,2.5,441,2,347,1.5,22617,-2.3,20.2,13.1,8.8,1.3,3.1,17,5.7,0.3,7.8,4,36.2,0,0,1,0,25,9,0,6,7,7,6,8,5,50,176,60,4,3,2,0,1,0,1,0,9560,2.4,9440,92.2,205,649,6.3,1508,14.7,1603,15.6,2405,29.5,5942,33.1,5667,633,11.2,123,2.2,100,906,1109,1047,1529,978,480,1771,8237,72.2,4984,27.9,573,4.4,3945,22.1,1171,5.4,407,1.8,2116,11.9,5006,27.9,0,0,0,0,1,0,0,13.8,0,0,0,0,0,0,1,13.7,0,0,0,0,0,0,1,0,13.6,1,0,0,0,0,42.7,0,0,1,0,0,14.1,0,0,0,0,1,0,0,13.2,143,0.65,6034,27.7,4163,19.1,5646,25.7,1282,5.8,0,0,0,0,0,1,0,2476,5.7,0,0,0,0,1,0,0,0,0,0,0,0,0,0,1482,3.4,0,0,0,0,0,0,0,0,0,0,1,0,0,0,0,0,0,1406,3.2,1,0,0,0,0,0,0,0,0,0,0,0,0,0,1084,2.5,1,0,0,0,0,0,0,0,0,0,0,0,0,0,0,0,0,0,0,500,1.1,0,1,0,0,0,0,0,0,0,2202,10,0,0,0,0,0,0,0,1,0,0,0,0,0,1048,4.8,0,0,0,0,0,0,0,0,0,1,0,0,0,0,0,0,274,1.2,0,0,0,0,0,0,0,0,0,0,0,0,0,1,0,0,0,245,1.1,0,0,0,0,0,0,0,0,0,0,0,1,0,0,0,0,0,0,232,1.1,5581,0,0,0,0,0,0,0,0,0,0,1,0,0,0,7,5,239,1,0,0,0,0,0,0,0,9,7,6281,0,0,0,0,0,0,0,0,1,0,7,5,1371,21.8,3535,56.3,1
0,1,0,2,0,0,0,0,0,0,0,0,0,0,0,0,0,1,0,0,22,0,0,0,1,0,0,0,0,0,0,0,0,1888.5,24,26,0,0,0,0,1,0,0,0,0,0,0,0,0,0,0,0,1,0,0,0,0,0,0,0,0,1,0,0,0,11.1,0,0,0,0,0,0,1,0,0,0,0.64,5.7,1.34,12,4.95,44.6,0,0,4.18,37.6,1261,6,1102,5.3,1057,5,1225,5.8,1852,8.8,6871,32.8,4347,20.7,796,3.8,687,3.3,689,3.3,615,2.9,471,2.2,20973,1132,6,1137,6,1190,6.3,1145,6,1370,7.2,5652,29.8,4278,22.5,809,4.3,742,3.9,745,3.9,458,2.4,336,1.8,18994,11.4,-3.1,-11.2,7,35.2,21.6,1.6,-1.6,-7.4,-7.5,34.3,40.2,0,2,1,0,16,2,1,7,6,27,1,3,7,73,60,0,5,4,1,1,1,1,0,0,7495,2.6,6669,94.2,128,218,3.1,918,13,1845,26.1,3429,59.9,8577,56.1,5161,846,16.4,172,3.3,100,764,988,852,1236,1179,616,937,2343,43.3,6613,44.3,873,10.4,1476,9.9,1254,6.7,432,2.2,1600,10.8,3402,22.7,0,0,0,1,0,0,0,26,0,0,1,0,0,0,0,10.9,0,0,0,0,0,0,0,1,9.2,0,1,0,0,0,20.9,0,1,0,0,0,16.6,0,0,0,1,0,0,0,16.4,37,0.2,12880,68.8,12284,65.6,14762,78.5,4640,24.7,0,0,0,1,0,0,0,8414,22.4,0,0,0,1,0,0,0,0,0,0,0,0,0,0,4108,10.9,0,0,0,0,0,0,0,0,0,0,0,1,0,0,0,0,0,2150,5.7,0,0,0,0,0,1,0,0,0,0,0,0,0,0,1938,5.2,0,0,0,0,0,0,0,0,0,0,0,0,1,0,0,0,0,0,0,818,2.2,0,0,0,1,0,0,0,0,0,4860,25.8,0,0,1,0,0,0,0,0,0,0,0,0,0,1637,8.7,0,0,0,0,0,0,0,0,0,0,1,0,0,0,0,0,1374,7.3,0,0,0,0,0,0,0,0,0,0,0,0,0,0,1,0,0,921,4.9,0,0,0,0,0,0,0,0,0,0,0,1,0,0,0,0,0,0,907,4.8,6611,0,0,0,0,0,0,0,0,0,0,0,1,0,0,8,6,370,0,0,0,0,0,1,0,0,8,6,4923,0,0,0,0,0,0,0,1,0,0,8,6,1084,22,2478,50.3,2
1,0,0,4,0,0,0,1,0,0,0,0,0,0,0,0,0,0,0,0,8,0,0,0,0,1,0,0,0,0,0,0,0,3323.1,11,9,0,0,0,0,0,0,0,0,0,0,0,1,0,1,0,0,0,0,0,0,0,0,1,0,0,0,0,0,0,3,0,0,0,0,0,0,0,0,0,1,0.04,1.3,0,0,2.5,83.6,0,0,0.45,15.1,660,6.6,724,7.3,630,6.3,570,5.7,592,6,2910,29.3,2437,24.5,322,3.2,262,2.6,286,2.9,260,2.6,281,2.8,9934,661,7.1,610,6.5,567,6.1,494,5.3,495,5.3,2992,32.1,2052,22,289,3.1,364,3.9,332,3.6,268,2.9,209,2.2,9333,-0.1,18.6,11.2,15.3,19.6,-2.7,18.7,11.3,-28,-13.7,-3.1,34.5,0,0,0,0,0,2,0,0,1,1,1,0,1,15,77,0,5,1,0,1,0,0,0,0,3566,2.7,3469,93.3,81,31,0.8,279,7.5,704,18.9,1023,34.1,2731,38.4,2525,272,10.8,59,2.3,100,1008,1097,1046,869,601,199,460,1888,52.1,2881,40.4,214,4.5,1172,16.5,481,5.3,267,2.8,989,14,2255,31.5,0,0,0,0,0,1,0,11.6,0,0,0,0,1,0,0,10.9,0,0,1,0,0,0,0,0,10.5,1,0,0,0,0,27.3,1,0,0,0,0,17.2,1,0,0,0,0,0,0,14.1,39,0.42,2274,24.7,1912,20.8,3140,34,456,4.9,1,0,0,0,0,0,0,1182,6.4,0,0,0,0,0,1,0,0,0,0,0,0,0,0,616,3.4,0,0,0,0,0,0,1,0,0,0,0,0,0,0,0,0,0,294,1.6,0,0,1,0,0,0,0,0,0,0,0,0,0,0,282,1.5,0,0,0,0,0,0,0,0,0,0,0,0,0,1,0,0,0,0,0,190,1,1,0,0,0,0,0,0,0,0,1063,11.6,0,0,0,0,0,1,0,0,0,0,0,0,0,910,9.9,0,0,0,0,0,0,0,0,0,0,0,1,0,0,0,0,277,3,0,0,0,0,0,0,0,0,0,0,0,0,1,0,0,0,0,74,0.8,0,0,0,0,0,0,0,0,0,0,0,1,0,0,0,0,0,0,73,0.8,2290,0,0,1,0,0,0,0,0,0,0,0,0,0,0,8,7,140,1,0,0,0,0,0,0,0,8,7,2959,1,0,0,0,0,0,0,0,0,0,8,7,570,19.3,1654,55.9,1
1,0,0,1,0,0,0,0,0,0,0,0,0,0,0,0,0,0,1,0,19,1,0,0,0,0,0,0,0,0,0,0,0,5.2,23,25,0,0,0,0,0,0,0,0,0,0,0,0,1,0,0,0,0,0,0,0,0,1,0,0,0,0,0,0,1,30.4,0,0,0,0,0,0,0,0,0,1,0.02,0.1,0.11,0.4,0.01,0,7.05,23.2,23.19,76.3,8,5.1,15,9.5,3,1.9,15,9.5,11,7,42,26.6,36,22.8,14,8.9,0,0,9,5.7,3,1.9,2,1.3,158,0,0,0,0,0,0,0,0,0,0,0,0,0,0,0,0,0,0,0,0,0,0,0,0,0,0,0,0,0,0,0,0,0,0,0,0,0,0,0,0,0,1,0,0,0,0,1,0,0,0,0,0,0,0,0,0,0,0,0,0,0,19,7.4,32,100,246,0,0,6,18.8,6,18.8,7,43.8,24,32.4,16,0,0,0,0,2.9,1070,1070,1070,7,10,0,0,19,47.5,34,43.6,0,0,17,23.9,0,0,0,0,13,17.6,32,43.8,0,0,0,0,0,0,1,19.3,0,1,0,0,0,0,0,17.5,0,1,0,0,0,0,0,0,15.8,0,0,0,1,0,25.5,0,1,0,0,0,18.2,0,0,0,0,0,0,1,12.7,0,0,26,30.2,18,20.9,14,16.5,0,0,0,0,0,0,0,0,1,18,10.6,0,0,0,0,0,0,0,0,0,0,0,1,0,0,8,4.7,0,0,0,0,0,0,0,0,0,0,0,0,1,0,0,0,0,8,4.7,0,0,0,0,0,0,0,0,0,0,1,0,0,0,8,4.7,0,0,0,0,0,0,0,0,0,0,0,0,0,0,1,0,0,0,0,6,3.5,0,0,0,1,0,0,0,0,0,6,6.7,0,0,0,0,0,0,0,0,0,0,1,0,0,5,5.6,0,0,0,0,0,0,1,0,0,0,0,0,0,0,0,0,5,5.6,0,1,0,0,0,0,0,0,0,0,0,0,0,0,0,0,0,0,0,0,0,0,1,0,0,0,0,0,0,0,0,0,0,0,0,0,0,0,0,5,0,0,0,0,0,0,0,0,0,0,0,0,1,0,12,13,0,0,0,0,0,0,0,1,0,13,14,43,1,0,0,0,0,0,0,0,0,0,20,23,9,20.6,22,51.5,0
0,1,0,1,0,0,0,0,1,0,0,0,0,0,0,0,0,0,0,0,7,0,1,0,0,0,0,0,0,0,0,0,0,5930,10,8,0,0,0,0,0,0,0,0,1,0,0,0,0,0,0,0,0,1,0,0,0,0,0,1,0,0,0,0,0,2.3,0,0,0,0,0,1,0,0,0,0,0.01,0.3,0,0,1.92,85.2,0,0,0.33,14.5,862,6.4,642,4.8,493,3.7,611,4.6,1059,7.9,6069,45.4,2459,18.4,310,2.3,253,1.9,190,1.4,198,1.5,229,1.7,13375,754,5.9,550,4.3,476,3.7,597,4.7,1129,8.9,5536,43.6,2364,18.6,316,2.5,280,2.2,290,2.3,251,2,166,1.3,12708,14.3,16.7,3.6,2.3,-6.2,9.6,4,-2.1,-9.5,-34.4,-21.1,37.6,0,2,0,0,8,7,0,2,1,7,1,3,0,0,0,42,5,2,1,3,0,0,0,0,5602,2.2,5767,90.1,292,118,1.8,946,14.8,806,12.6,1235,25.4,2731,28.2,2715,265,9.8,43,1.6,100,933,1118,1065,737,599,244,880,4227,66.6,2097,21.6,324,4.4,2441,25.1,377,3.2,244,1.9,1126,11.6,2283,23.5,1,0,0,0,0,0,0,15.9,1,0,0,0,0,0,0,12,1,0,0,0,0,0,0,0,10.5,1,0,0,0,0,39.9,0,0,1,0,0,15.2,0,0,0,0,1,0,0,14.3,39,0.33,4051,34.7,2557,21.9,3006,25.6,369,3.1,0,1,0,0,0,0,0,822,3.5,0,0,0,1,0,0,0,0,0,0,0,0,0,0,808,3.5,0,0,0,0,0,1,0,0,0,0,0,0,0,0,0,0,0,648,2.8,0,0,0,0,0,0,0,0,0,0,0,1,0,0,604,2.6,0,0,0,0,0,0,0,0,0,0,0,0,0,0,0,1,0,0,0,528,2.3,0,0,0,0,0,1,0,0,0,487,4.2,0,1,0,0,0,0,0,0,0,0,0,0,0,382,3.3,0,0,0,0,0,0,0,0,0,0,0,0,1,0,0,0,379,3.2,0,0,0,1,0,0,0,0,0,0,0,0,0,0,0,0,0,205,1.7,0,0,0,0,0,0,0,0,0,0,0,0,1,0,0,0,0,0,124,1.1,2308,0,0,0,0,0,0,0,0,0,1,0,0,0,0,4,3,145,1,0,0,0,0,0,0,0,13,10,2794,0,0,0,1,0,0,0,0,0,0,6,4,427,15.3,1581,56.6,1
1,0,0,4,0,0,0,0,0,0,1,0,0,0,0,0,0,0,0,0,13,0,0,0,0,1,0,0,0,0,0,0,0,2352.1,16,15,0,0,0,0,0,0,0,0,0,0,0,1,0,1,0,0,0,0,0,0,0,0,1,0,0,0,0,0,0,8.8,0,0,0,0,0,0,0,0,0,1,0.14,1.6,0.09,1,5.72,64.7,0,0,2.89,32.7,1437,6.9,1125,5.4,1076,5.2,1176,5.7,1529,7.3,6715,32.3,4077,19.6,744,3.6,740,3.6,801,3.8,749,3.6,641,3.1,20810,1230,6.4,1160,6.1,1105,5.8,1122,5.9,1249,6.5,5474,28.6,3820,20,785,4.1,884,4.6,970,5.1,769,4,578,3,19145,16.8,-3,-2.6,4.8,22.4,22.7,6.7,-5.2,-16.2,-17.4,-2.7,10.9,0,0,2,0,17,0,0,2,3,7,1,6,5,258,280,36,4,5,1,0,1,0,0,0,7566,2.6,7414,92.4,506,864,10.8,995,12.4,2103,26.2,3182,51,6933,48.5,4937,802,16.2,164,3.3,100,709,1037,931,1192,1045,586,681,2461,41.8,7050,49.4,575,7.1,1582,11,1620,8.9,630,3.2,1849,13,3521,24.5,0,0,0,1,0,0,0,11.7,1,0,0,0,0,0,0,11.6,0,0,0,0,0,1,0,0,9.4,1,0,0,0,0,17.2,0,1,0,0,0,16.9,0,0,0,0,1,0,0,15.6,132,0.72,7638,41.9,6878,37.7,9129,49.7,1604,8.7,0,0,0,0,1,0,0,1994,5.5,0,0,0,0,0,0,0,1,0,0,0,0,0,0,1930,5.3,0,0,0,0,0,0,0,0,0,0,0,0,0,1,0,0,0,1068,2.9,0,0,0,0,0,0,0,0,0,0,0,0,1,0,962,2.6,0,0,0,0,0,0,0,0,0,0,0,0,1,0,0,0,0,0,0,608,1.7,0,0,0,0,0,0,1,0,0,1752,9.5,0,0,0,0,0,0,0,1,0,0,0,0,0,1505,8.2,0,0,0,0,0,0,0,0,0,0,0,0,0,1,0,0,839,4.6,0,0,0,1,0,0,0,0,0,0,0,0,0,0,0,0,0,558,3,0,0,0,0,0,0,0,0,0,0,0,0,0,1,0,0,0,0,383,2.1,5988,0,0,0,0,0,0,0,0,0,0,0,0,1,0,4,3,437,0,0,0,0,0,0,1,0,12,15,5937,1,0,0,0,0,0,0,0,0,0,13,13,1063,17.9,3036,51.1,1
1,0,0,2,0,0,0,0,0,0,0,1,0,0,0,0,0,0,0,0,27,0,0,0,0,0,0,0,0,0,0,1,0,1035,32,43,0,0,0,0,0,0,0,0,0,0,0,0,1,0,0,0,0,0,0,0,0,1,0,0,0,0,0,0,1,35.3,0,0,0,0,0,0,0,0,0,1,0.78,2.2,1.76,5,4.49,12.7,1.94,5.5,26.35,74.6,3590,9.8,2964,8.1,2670,7.3,2658,7.3,2808,7.7,13000,35.6,7159,19.6,728,2,458,1.3,277,0.8,165,0.5,72,0.2,36549,2025,8.5,2095,8.8,2152,9.1,1908,8.1,1678,7.1,8305,35,4555,19.2,429,1.8,270,1.1,152,0.6,85,0.4,51,0.2,23705,77.3,41.5,24.1,39.3,67.3,56.5,57.2,69.7,69.5,82.5,94.2,41.7,1,0,1,0,15,0,0,1,1,8,0,3,2,0,0,0,2,6,1,1,0,0,0,0,11051,3,10328,93.5,5,384,3.5,367,3.3,1374,12.4,3257,36,8792,38.6,8909,1284,14.4,244,2.7,74.2,909,1059,990,3207,2452,795,933,3189,32.6,11159,48.9,1053,6.4,2350,10.4,1114,3.6,65,0.2,2474,10.9,8187,35.8,0,0,0,1,0,0,0,18.1,0,0,1,0,0,0,0,10.7,0,0,0,0,0,0,1,0,10.3,0,0,0,0,1,17.7,0,1,0,0,0,17.5,0,0,0,1,0,0,0,12.5,251,0.8,10529,33.6,8924,28.5,12725,40.5,1778,5.7,0,0,0,0,1,0,0,3682,5.9,0,0,0,0,0,0,0,0,0,0,0,0,1,0,1802,2.9,0,0,0,0,0,0,0,0,0,0,0,0,0,0,1,0,0,1788,2.9,1,0,0,0,0,0,0,0,0,0,0,0,0,0,1564,2.5,0,0,0,0,0,0,0,0,0,0,0,0,0,0,0,0,1,0,0,1260,2,0,0,0,0,0,0,0,1,0,1530,4.9,0,0,0,0,0,0,0,0,0,0,0,1,0,1156,3.7,0,0,0,0,1,0,0,0,0,0,0,0,0,0,0,0,1081,3.4,0,1,0,0,0,0,0,0,0,0,0,0,0,0,0,0,0,1050,3.3,0,0,0,0,0,0,0,0,0,0,0,0,0,1,0,0,0,0,1007,3.2,9645,0,0,0,0,0,0,0,0,0,0,0,0,0,1,7,7,919,0,0,0,0,0,0,0,1,12,15,9916,0,0,0,0,0,0,0,0,0,1,12,15,2044,20.6,5102,51.5,3
1,0,0,4,0,0,0,0,0,0,0,1,0,0,0,0,0,0,0,0,10,0,0,1,0,0,0,0,0,0,0,0,0,2025.5,15,12,0,0,0,1,0,0,0,0,0,0,0,0,0,0,0,1,0,0,0,0,0,0,0,0,1,0,0,0,0,4.3,0,0,0,0,1,0,0,0,0,0,1.01,23.4,0.18,4.1,2.2,50.8,0,0,0.94,21.6,700,8,562,6.4,509,5.8,598,6.8,801,9.1,2909,33.2,1798,20.5,230,2.6,205,2.3,189,2.2,150,1.7,109,1.2,8760,549,7.3,473,6.3,542,7.2,537,7.1,594,7.9,2217,29.4,1661,22,249,3.3,212,2.8,253,3.4,159,2.1,91,1.2,7537,27.5,18.8,-6.1,11.4,34.8,31.2,8.2,-7.6,-3.3,-25.3,-5.7,19.8,0,0,1,0,13,1,0,1,1,4,0,3,2,0,0,0,1,2,2,0,1,0,0,0,2994,2.7,2908,93.8,0,1310,42.3,507,16.4,820,26.5,1431,61.5,3315,58.3,1940,477,24.6,86,4.4,97.9,619,969,801,582,503,256,468,993,48.8,2490,44.5,397,12.6,591,10.6,472,6.4,144,1.8,574,10.3,1436,25.4,0,0,0,1,0,0,0,15.9,0,0,1,0,0,0,0,11.8,0,0,0,0,0,0,1,0,10.2,0,1,0,0,0,18.2,0,0,0,0,1,16.2,0,0,0,0,1,0,0,13.4,55,0.74,4207,57.4,3969,54.1,5296,71.5,1606,21.7,0,0,0,1,0,0,0,3480,23.7,0,0,0,1,0,0,0,0,0,0,0,0,0,0,810,5.5,0,0,0,1,0,0,0,0,0,0,0,0,0,0,0,0,0,512,3.5,0,0,0,0,0,0,0,0,0,0,0,0,0,1,378,2.6,0,0,0,0,0,0,0,0,0,0,0,0,0,0,0,0,0,1,0,342,2.3,0,0,0,1,0,0,0,0,0,2262,30.6,0,0,1,0,0,0,0,0,0,0,0,0,0,584,7.9,0,0,1,0,0,0,0,0,0,0,0,0,0,0,0,0,235,3.2,0,0,0,0,0,0,0,0,0,0,0,1,0,0,0,0,0,208,2.8,0,0,0,0,0,0,0,0,0,0,0,0,0,1,0,0,0,0,161,2.2,2965,1,0,0,0,0,0,0,0,0,0,0,0,0,0,5,4,190,0,0,0,0,0,0,1,0,8,6,2633,1,0,0,0,0,0,0,0,0,0,13,10,544,20.6,1684,64,2
0,1,0,1,0,0,0,0,0,0,0,0,0,0,0,0,0,0,0,1,4,0,0,0,0,0,0,0,0,0,0,0,1,1669.1,8,6,0,0,0,0,0,0,0,0,0,1,0,0,0,0,0,0,0,1,0,0,0,0,0,1,0,0,0,0,0,9.6,0,0,0,0,0,1,0,0,0,0,0.66,6.9,1.33,13.9,1.92,20.1,0,0,5.65,59.1,902,5.6,612,3.8,451,2.8,405,2.5,717,4.5,6918,43.3,3956,24.8,779,4.9,532,3.3,334,2.1,201,1.3,164,1,15971,831,5.6,494,3.3,407,2.8,376,2.5,853,5.8,6513,44.1,3630,24.6,612,4.1,380,2.6,321,2.2,218,1.5,122,0.8,14757,8.5,23.9,10.8,7.7,-15.9,6.2,9,27.3,40,4.1,-7.8,34.4,0,0,0,0,12,4,0,3,1,5,1,3,2,0,35,0,5,1,0,0,1,0,0,0,6793,2.1,7067,87.4,62,950,11.7,814,10.1,979,12.1,1331,22.4,2959,25.5,3801,403,10.6,79,2.1,89.7,804,1145,1063,644,398,135,653,4987,67.2,3146,27.3,319,3.7,2156,18.6,502,3.7,234,1.6,1205,10.5,2717,23.4,1,0,0,0,0,0,0,18.5,0,0,0,0,0,1,0,9.4,0,1,0,0,0,0,0,0,8.1,1,0,0,0,0,37.4,0,0,1,0,0,24.1,0,0,0,0,1,0,0,13.1,21,0.16,4040,30,2297,17.1,2861,21.2,446,3.3,0,1,0,0,0,0,0,1596,5.9,0,0,0,0,0,0,1,0,0,0,0,0,0,0,788,2.9,0,1,0,0,0,0,0,0,0,0,0,0,0,0,0,0,0,768,2.9,0,0,0,0,0,0,0,0,0,0,0,1,0,0,346,1.3,1,0,0,0,0,0,0,0,0,0,0,0,0,0,0,0,0,0,0,272,1,0,1,0,0,0,0,0,0,0,894,6.6,0,0,0,0,0,0,0,1,0,0,0,0,0,225,1.7,0,1,0,0,0,0,0,0,0,0,0,0,0,0,0,0,157,1.2,1,0,0,0,0,0,0,0,0,0,0,0,0,0,0,0,0,123,0.9,0,0,0,0,0,0,0,0,0,0,0,0,0,0,1,0,0,0,120,0.9,3276,0,0,1,0,0,0,0,0,0,0,0,0,0,0,9,9,139,1,0,0,0,0,0,0,0,9,9,3329,1,0,0,0,0,0,0,0,0,0,9,9,471,14.1,1892,56.8,1
0,1,0,1,0,0,0,1,0,0,0,0,0,0,0,0,0,0,0,0,5,0,0,0,0,0,0,0,1,0,0,0,0,5894,9,6,0,0,0,0,0,0,0,0,0,1,0,0,0,0,0,0,0,1,0,0,0,0,0,1,0,0,0,0,0,0.5,0,0,0,0,0,1,0,0,0,0,0,0,0,0,0.34,63.7,0,0,0.19,36.3,117,3.8,67,2.2,113,3.6,73,2.3,225,7.2,1472,47.2,779,25,112,3.6,49,1.6,41,1.3,39,1.3,29,0.9,3116,113,3.4,96,2.9,78,2.3,81,2.4,251,7.5,1727,51.8,720,21.6,74,2.2,60,1.8,62,1.9,32,1,42,1.3,3334,3.7,-30.1,45.2,-9.7,-10.3,-14.7,8.1,52,-18,-33.8,22.4,-30.5,0,0,0,0,0,0,0,0,0,0,0,0,0,0,0,0,0,0,0,0,0,0,0,0,1442,2,1535,85.8,24,10,0.6,272,15.2,182,10.2,198,15.7,392,17,611,38,6.2,21,3.4,100,1086,1154,1098,114,84,46,195,1177,71.9,399,17.2,68,3.6,476,20.6,52,2,58,2,245,10.6,424,18.4,1,0,0,0,0,0,0,20.4,1,0,0,0,0,0,0,9.9,0,0,0,0,1,0,0,0,8.8,1,0,0,0,0,44.5,0,0,1,0,0,19.2,0,0,0,0,1,0,0,12.5,0,0,785,30,367,14,371,14.2,19,0.7,0,1,0,0,0,0,0,342,6.6,0,0,0,0,0,0,1,0,0,0,0,0,0,0,196,3.8,0,0,0,0,0,0,1,0,0,0,0,0,0,0,0,0,0,112,2.1,0,0,0,0,0,0,1,0,0,0,0,0,0,0,110,2.1,0,0,0,0,0,0,0,0,0,0,1,0,0,0,0,0,0,0,0,110,2.1,0,1,0,0,0,0,0,0,0,79,3,0,0,0,0,0,0,0,0,0,0,0,0,1,32,1.2,0,0,0,0,0,0,0,0,0,0,0,0,0,0,1,0,31,1.2,0,0,0,0,0,0,0,0,0,0,0,0,0,0,0,1,0,28,1.1,0,0,0,0,0,0,0,0,0,0,0,0,0,0,0,1,0,0,28,1.1,669,0,0,0,0,1,0,0,0,0,0,0,0,0,0,5,3,24,1,0,0,0,0,0,0,0,11,8,719,0,0,0,1,0,0,0,0,0,0,5,3,100,13.9,415,57.8,0
0,1,0,5,0,0,0,0,0,0,0,0,0,1,0,0,0,0,0,0,54,0,1,0,0,0,0,0,0,0,0,0,0,213.8,52,69,0,0,0,0,0,0,1,0,0,0,0,0,0,0,0,0,0,0,1,0,0,0,0,0,0,0,1,0,0,14.5,0,0,0,0,0,1,0,0,0,0,0.01,0.1,0.19,1.3,4.88,33.6,5.77,39.7,3.68,25.3,193,6.2,213,6.9,207,6.7,253,8.1,179,5.8,774,24.9,877,28.2,184,5.9,106,3.4,47,1.5,53,1.7,21,0.7,3107,129,5.3,164,6.8,200,8.3,172,7.2,146,6.1,556,23.1,757,31.4,110,4.6,78,3.3,48,2,19,0.8,27,1.1,2407,50,30,3.3,47,22.4,39.2,15.9,66.9,35.4,-2.3,175.1,-21.9,0,0,0,0,0,0,0,0,0,1,0,0,1,0,0,0,0,2,0,1,0,0,0,0,1131,2.6,1083,93.4,7,0,0,19,1.6,136,11.7,334,35.5,836,37.4,881,131,14.9,24,2.7,35.7,941,1102,1032,291,258,78,68,246,22.4,1296,57.9,72,4.4,422,19.1,95,3.3,18,0.6,305,13.8,777,34.8,0,0,0,0,0,0,1,15.2,0,0,0,1,0,0,0,13.6,0,0,1,0,0,0,0,0,12.8,0,0,1,0,0,18.9,1,0,0,0,0,15.4,0,0,0,0,0,1,0,14.7,23,0.79,466,16.2,127,4.4,88,3,9,0.3,0,1,0,0,0,0,0,452,7.9,0,0,0,0,0,0,0,0,0,0,1,0,0,0,90,1.6,0,0,0,0,0,0,0,0,0,0,0,0,0,0,0,1,0,66,1.2,1,0,0,0,0,0,0,0,0,0,0,0,0,0,54,0.9,0,0,0,0,0,0,0,1,0,0,0,0,0,0,0,0,0,0,0,32,0.6,0,0,0,0,0,0,0,0,1,20,0.7,0,0,0,0,0,1,0,0,0,0,0,0,0,20,0.7,0,0,0,0,0,0,1,0,0,0,0,0,0,0,0,0,12,0.4,0,0,0,0,0,0,0,0,0,0,0,0,0,0,0,0,1,7,0.2,0,0,0,0,0,0,0,0,0,0,0,0,0,0,0,0,1,0,6,0.2,559,0,0,0,0,0,0,0,0,1,0,0,0,0,0,15,16,38,0,0,0,1,0,0,0,0,15,16,705,0,0,0,0,0,0,1,0,0,0,15,16,209,29.6,275,39,2
1,0,0,4,0,0,0,0,0,0,0,0,0,0,0,1,0,0,0,0,12,0,0,0,0,0,0,0,0,0,0,1,0,2619.1,17,13,0,0,0,0,0,0,0,0,0,0,0,1,0,1,0,0,0,0,0,0,0,0,1,0,0,0,0,0,0,5.1,0,0,0,0,0,0,0,0,0,1,0.12,2.4,0.17,3.3,3.66,72,0,0,1.13,22.3,950,7.1,922,6.9,815,6.1,780,5.9,869,6.5,3740,28.1,2506,18.8,493,3.7,574,4.3,643,4.8,569,4.3,455,3.4,13316,916,7.3,874,7,755,6,717,5.7,819,6.5,3288,26.2,2378,18.9,606,4.8,758,6,715,5.7,477,3.8,246,2,12549,3.7,5.5,7.9,8.8,6.1,13.7,5.4,-18.6,-24.3,-10.1,19.3,85,0,0,1,0,13,1,0,1,0,5,0,0,3,90,150,0,3,4,1,1,0,0,0,0,4552,2.8,4403,92.3,262,151,3.2,534,11.2,1497,31.4,2230,58.9,5051,55.3,3275,506,15.5,101,3.1,90.4,843,1003,902,961,746,280,431,1326,41.8,4771,53.7,350,7.7,821,9.1,1176,9.9,394,3.1,1249,13.9,2243,24.6,0,0,0,1,0,0,0,13.7,0,0,1,0,0,0,0,11.7,0,0,0,0,0,0,1,0,9,1,0,0,0,0,16.7,0,1,0,0,0,15.9,0,0,0,0,1,0,0,14.1,60,0.51,5874,49.6,5404,45.7,7772,65.5,1728,14.6,1,0,0,0,0,0,0,3314,14,0,0,0,0,0,0,0,0,0,0,0,0,0,1,1154,4.9,0,0,0,0,0,0,0,0,0,0,0,0,0,0,0,0,1,850,3.6,0,1,0,0,0,0,0,0,0,0,0,0,0,0,794,3.3,0,0,0,0,0,0,0,0,0,0,0,0,0,0,0,0,0,0,1,662,2.8,1,0,0,0,0,0,0,0,0,2313,19.5,0,0,0,0,0,0,0,0,0,0,0,1,0,1352,11.4,0,0,0,0,0,0,0,0,0,0,0,0,0,0,0,1,773,6.5,0,0,0,1,0,0,0,0,0,0,0,0,0,0,0,0,0,577,4.9,0,0,0,0,0,0,0,0,0,0,0,0,0,0,0,0,0,1,420,3.5,4695,0,0,0,0,0,0,0,0,0,0,0,0,1,0,9,7,287,0,0,0,0,0,0,0,1,12,12,3799,0,0,0,0,0,0,0,0,0,1,12,12,680,17.9,1943,51.1,1
0,1,0,2,0,0,0,1,0,0,0,0,0,0,0,0,0,0,0,0,21,0,1,0,0,0,0,0,0,0,0,0,0,2799.8,24,21,0,1,0,0,0,0,0,0,0,0,0,0,0,0,1,0,0,0,0,0,0,0,0,1,0,0,0,0,0,4.4,0,0,0,0,0,1,0,0,0,0,0.27,6.2,0.15,3.3,3.36,75.5,0,0,0.67,15.1,602,4.8,725,5.8,595,4.8,703,5.6,825,6.6,3547,28.5,3158,25.3,652,5.2,494,4,405,3.3,346,2.8,406,3.3,12458,518,4.7,507,4.6,587,5.3,647,5.9,664,6,3137,28.5,2903,26.3,493,4.5,428,3.9,413,3.7,331,3,394,3.6,11022,16.3,43.1,1.4,8.7,24.2,13.1,8.8,32.2,15.4,-2,4.4,3.2,0,0,2,0,5,2,0,2,2,3,1,3,3,30,115,42,5,3,3,2,0,0,0,0,4975,2.3,4969,91.3,183,77,1.4,443,8.1,921,16.9,1353,31.5,3151,34.2,3105,399,12.9,71,2.3,94.8,988,1112,1058,790,711,235,572,2551,50,3474,37.7,240,3.8,1684,18.3,546,4.9,370,3.2,1139,12.4,2561,27.7,1,0,0,0,0,0,0,11.8,1,0,0,0,0,0,0,11.6,0,0,1,0,0,0,0,0,11.1,1,0,0,0,0,27.7,1,0,0,0,0,16.3,1,0,0,0,0,0,0,15.1,10,0.09,3111,28,1894,17,2081,18.6,264,2.4,0,1,0,0,0,0,0,1134,5.1,0,0,0,0,0,0,1,0,0,0,0,0,0,0,514,2.3,0,1,0,0,0,0,0,0,0,0,0,0,0,0,0,0,0,458,2.1,0,1,0,0,0,0,0,0,0,0,0,0,0,0,410,1.8,1,0,0,0,0,0,0,0,0,0,0,0,0,0,0,0,0,0,0,394,1.8,0,1,0,0,0,0,0,0,0,523,4.7,0,0,0,1,0,0,0,0,0,0,0,0,0,203,1.8,0,0,0,0,0,0,1,0,0,0,0,0,0,0,0,0,196,1.8,0,0,0,0,0,0,0,1,0,0,0,0,0,0,0,0,0,110,1,0,0,0,0,0,0,0,0,0,0,0,0,0,0,0,0,0,1,77,0.7,4555,0,0,0,0,0,0,0,1,0,0,0,0,0,0,7,6,178,0,1,0,0,0,0,0,0,7,6,2960,0,1,0,0,0,0,0,0,0,0,7,6,753,25.4,1591,53.8,2